id,trip,r,t,g,b,n,m,c,v,G,boy,girl
100,1,0.11915254211158414,-0.7897457946765437,,-0.04115257157743163,0.6524782979542364,-0.4026228281389732,-0.04469885232355179,-0.0322099232615433,boy,1,0
100,2,0.8190936844867881,-0.5338432152539466,0.4829739282117896,0.12514585870246947,0.8354718394981401,0.07294015596747629,1.3046239151728,-0.32330877118616835,boy,1,0
100,3,0.34913320317772256,-0.09515307910092324,1.8342154670595423,0.8059300576608153,0.014833176236172885,0.6277636374250005,2.0988097216110004,-0.21447777096951776,boy,1,0
100,4,1.359048280033374,0.48062772459992,2.307150005656256,1.2875025953463626,-0.32414332253058625,1.0042509998426066,1.853323036773164,-0.4552543201213998,boy,1,0
101,1,-1.3407246976995555,-0.7714670390035009,,0.13207495996413213,1.510247316721958,-0.3828077038012044,-0.09059374475876518,-0.4275650169689332,boy,1,0
102,1,1.1890625740279672,2.0891582238276727,,0.9566380101019756,-0.3959564071996085,-0.18961024150795933,-0.5932728458489351,-0.4930562383382454,boy,1,0
102,2,0.8290928436635767,1.6047711984920423,0.4829739282117896,0.8942760987470126,0.41938823187082935,0.29090652368293224,-0.6939988607409405,-0.9230831551235066,boy,1,0
102,3,0.6191105009510155,2.0160432011355023,2.509836236483419,1.509233835719564,1.3891283454726828,0.8060997564649192,1.9108923786041296,-1.1535063126618574,boy,1,0
102,4,1.3490491208565851,2.993956629643284,2.509836236483419,2.2004116865704035,,1.4550450785268452,0.19293396034129354,-1.115704394445012,boy,1,0
103,1,-0.4807970084957335,-0.012898678572231329,,0.32262524465985226,0.7481614236626419,-0.5215135741655855,1.998813620489719,0.3255840287781533,boy,1,0
103,2,-0.2608155066063837,0.5720215029651332,-0.19264684121208686,1.0605745290269135,1.6219869608264097,-0.05090437114357826,0.4775627925011866,-0.6030911213006553,boy,1,0
103,3,0.6991037743653246,1.7784193773859478,1.2261567745780535,1.7985238133939758,-1.0988285800459086,0.9745283133359534,1.79209161328108,,boy,1,0
104,1,-1.810685179008621,-1.3838053540504296,,0.88734699748535,0.22926967570510476,0.3305367723584697,4.236191190807303,-0.9642559450284784,boy,1,0
104,2,-1.2407331059316689,-0.999951484916534,1.158594697635666,1.2060856555218271,,0.7714232888738238,-0.19661476269039468,,boy,1,0
105,1,0.4291264765920316,-0.6252369936191599,,-0.4950087042163285,,-0.9772614339342665,0.0397062906550634,0.4047995134491226,boy,1,0
105,2,1.0790718230832923,-0.5521219709269893,-0.4628951489816374,-0.21438010311899536,-0.6451000161147942,-0.5363749174189121,-0.5791896810097928,0.5208538101403299,boy,1,0
105,3,0.7291012518956904,-0.3053587693409136,0.4829739282117896,0.682938510266305,-0.6410400303015611,0.2661376182607213,-0.5820008917610391,,boy,1,0
106,1,0.12915170128837278,-0.7897457946765437,,-0.8016214350448964,-0.16680470012361912,-0.833601782485443,0.12396545087953392,,boy,1,0
106,2,-0.040834004717033884,-0.3327769028504776,-0.8007055336935757,-0.2698129132122956,0.03595561953904896,-0.36299257946343577,-0.7310221726599817,-1.1706014476516409,boy,1,0
106,3,-0.6707810328547174,-0.23224374664874306,0.07760146655746374,0.2516019567278112,-0.5300615931896524,0.1621082154874355,0.6784204639290372,-0.916100635198102,boy,1,0
107,1,0.04915842787406377,1.5590743093094361,,-0.6162679762954231,-0.0014573284723631208,-1.3388874530985455,-1.4425567146372211,,boy,1,0
107,2,1.1890625740279672,0.6542759034938251,0.21272562044223906,-0.5002055301625755,-0.5083510001190338,-0.8732320311609805,0.2319926889466969,0.6559294542145353,boy,1,0
107,3,0.7191020927189018,0.6999727926764318,0.2802876973846267,0.3797903300685685,-0.5629392172456416,-0.3184085497034561,1.5800725175649009,,boy,1,0
107,4,0.7890962069564221,0.7365303040225171,0.5505360051541772,0.6725448583738113,,0.04817125054526535,1.0686845024560343,-0.4747572206027023,boy,1,0
108,1,-0.4008037350814245,-0.7897457946765437,,-0.6474489319729048,-0.1457247290654924,-1.0565219312853409,-0.5652087040985525,1.177692236226664,boy,1,0
108,2,-0.4607986901421562,-0.2505225023217857,-0.6655813798088003,-0.24382878348106105,-0.262618881137085,-0.5908665093477761,0.19235837119637955,-0.25902143256261584,boy,1,0
109,1,2.028991944878212,0.6999727926764318,,0.9202602284782472,1.3616664372733744,-0.20447158476128596,0.4395134303672991,0.8345856536852322,boy,1,0
109,2,0.33913404400093394,0.014519454937332638,1.3612809284628289,2.1276561233229465,0.5427733867980405,0.22155358850074167,2.681251714097981,1.3484028095753484,boy,1,0
109,3,0.6991037743653246,0.2704220343599296,2.239587928713868,3.0890689233786257,0.09853224131896876,0.7516081645360552,2.2813820103482536,-0.4174524019045545,boy,1,0
109,4,1.1090693006136585,1.4128442639250949,3.455705313676846,3.2605641796047733,-0.9010811887646644,1.346061894669117,1.337672325243269,-0.11455550307148665,boy,1,0
110,1,0.6191105009510155,-0.1682681017930938,,0.2221532763657456,-0.4835282152617058,-0.4917908876589325,-0.4036245644714903,-0.5961086013752506,boy,1,0
110,2,0.10915338293479554,-0.1317105904470085,-0.7331434567511881,0.5079787034093257,-0.4194385651356812,0.0035872207852857304,0.038920069250597863,-1.2462052840853322,boy,1,0
111,1,0.08915506458121827,-0.11343183477396587,,0.6240411495421733,0.02200344864053632,-0.44225307681451065,0.3814811146589032,,boy,1,0
112,1,0.1691483379955273,-1.5300353994347706,,0.1459331624874574,0.44140014207186296,-0.2936396442812452,0.31626227651074845,0.6282401510620688,boy,1,0
112,2,-0.6307843961475629,-1.2741328200121738,-0.1250847642696992,0.7816782032449962,-0.09508586289690706,0.18687712090964645,-0.6143798666303586,1.0633233753795202,boy,1,0
112,3,0.08915506458121827,-1.3838053540504296,0.8207843129237278,1.6374222090603212,0.04461805758244168,0.6872090104383068,-0.7803434888817655,-0.24361173341689535,boy,1,0
114,1,-0.1608239148384974,-0.8354426838591503,,0.539159659086807,,-0.19456402259240155,1.4111412744685208,,boy,1,0
115,1,0.8590903211939426,0.1241919889755885,,-0.8795738242386001,0.7880771352793248,-1.2100891449030486,-0.9244263817547808,-0.14898654960020594,boy,1,0
115,2,1.2090608923815445,0.8279240823877303,-0.7331434567511881,-0.9887071691097852,-0.6409981687207341,-0.7493875040499259,1.0414295222571974,0.23168117460891954,boy,1,0
115,3,1.1090693006136585,0.5171852359460053,0.21272562044223906,-0.6474489319729048,1.0643133220949221,-0.2193329280146125,-0.9823335693881958,-0.23855542588470605,boy,1,0
116,1,-1.7506902239478892,-1.3015509535217378,,0.4213649376385439,0.9302220979303348,-0.25896317669014984,-0.864091709466729,-0.5920154000396689,boy,1,0
117,1,-1.700694428063946,-1.639707933473027,,-0.9332743590164848,0.5239197469592576,-0.4967446687433747,0.3251567971740005,-0.3702601982707854,boy,1,0
117,2,-1.1207431958102057,-1.045648374099141,-0.8682676106359632,-0.3650880555601557,0.055664682710547635,-0.07071949548134701,-0.4731081845085896,-0.6088697584803003,boy,1,0
117,3,-2.1806540685497997,-0.6709338828017665,-0.19264684121208686,0.12861040933330106,1.8728601835127536,0.4543812994695242,0.6151807348335029,,boy,1,0
117,4,-1.6906952688871573,0.15161012248515246,0.4829739282117896,0.769552276037087,,1.0092047809270486,1.9356865066616684,,boy,1,0
118,1,-0.6607818736779287,0.08763447762950323,,-0.33563937519809,2.4822751313708933,-0.3580387983789936,-1.2995269830619651,,boy,1,0
118,2,-1.940674248306873,-0.3053587693409136,-0.3277709950968621,-0.06193987536241907,1.9136715058376663,0.12743174789634024,-0.5548043046638599,,boy,1,0
118,3,-2.6206170723285,0.6085790143112185,1.4288430054052166,1.2476602630918028,-0.3355086493668851,0.6376711995938851,-0.2998954757799342,,boy,1,0
120,1,-0.3208104616671154,0.051076966283417916,,-0.3027261442051928,-0.040185318483150205,-1.0020303393564771,1.397944433493831,0.27237241141558755,boy,1,0
120,2,0.2991374072937795,-0.1317105904470085,0.07760146655746374,0.3243575199752678,1.760771879893532,-0.5958202904322183,2.5228812805300205,-0.3452194371589899,boy,1,0
120,3,0.2991374072937795,0.051076966283417916,0.21272562044223906,0.3434125484448402,0.15700609174376368,-0.0013665602991564554,3.6639805039179576,,boy,1,0
120,4,-0.5107944860260993,-0.02203805640875265,1.0910326206932783,1.5404147913970456,,0.5980409509183474,3.1682251563100845,,boy,1,0
121,1,1.2690558474422762,0.5263246137825266,,0.0523902954550129,0.2182926727121645,-0.4224379524767419,0.5943990470470307,-0.4706640192671202,boy,1,0
121,2,1.0890709822600808,0.8005059488781663,0.4154118512694019,0.9687639373098852,0.3419041726876518,0.0035872207852857304,1.9375467440430565,,boy,1,0
121,3,1.029076027199349,0.8096453267146876,0.5505360051541772,0.5079787034093257,0.8957870513989604,0.08284771813636066,1.8776979857795155,,boy,1,0
121,4,0.49912059082955196,1.0107116391181568,1.7666533901171548,1.2909671459771936,,0.9051753781537628,1.523700234317923,,boy,1,0
122,1,1.329050802503008,-0.3784737920330842,,-0.6076065997183449,-0.296731972373231,-1.9135260588938383,0.22769453957108995,1.6570783455880609,boy,1,0
122,2,0.8590903211939426,0.2064463895042804,-0.3953330720392498,-0.4517018213309375,-0.5115603026411902,-1.4726395423784844,0.526698502078415,-0.10516521765456324,boy,1,0
122,3,1.1790634148511787,0.3709551905616642,-0.2602089181544745,-0.3235134479901805,-0.9351906505330622,-0.7295723797121572,0.3791015957663425,,boy,1,0
123,1,0.2791390889402022,0.39837332407122816,,-0.311387520782271,1.0156966861945451,-0.6998496932055039,-0.2513708083021983,,boy,1,0
124,1,0.41912731741524295,-0.8354426838591503,,0.03333526698544098,0.8358257480675823,-0.0013665602991564554,0.4773167072870573,-1.3839294702002083,boy,1,0
124,2,-0.6307843961475629,-0.2139649909757004,1.158594697635666,0.6257734248575888,0.3026775471370909,0.4890577670606195,-0.08087129333272047,,boy,1,0
124,3,-0.3608070983742699,0.4989064802729627,1.4964050823476045,1.3204158263392594,-0.5856565273425924,0.9547131889981848,0.10959657693585173,,boy,1,0
125,1,0.5391172275367065,0.2704220343599296,,-0.36855260619098695,0.1479443545953596,-0.8038790959787899,1.5687567686507615,1.2790591634196058,boy,1,0
125,2,0.4491247949456089,-0.0860137012644019,-0.1250847642696992,-0.3650880555601557,-0.8934902102608049,-0.3184085497034561,0.5483206334351782,0.04700556140942602,boy,1,0
125,3,0.5591155458902838,-0.9268364622243634,-0.057522687327311535,0.2221532763657456,0.30930451526328345,0.3305367723584697,2.4400569222320017,-0.9813510800182618,boy,1,0
126,1,-2.5806204356213454,-1.0730665076087047,-1.1385159184055138,0.8752210702774407,-1.0395543578306559,0.5881333887494632,1.2591732274037697,-0.9505316817268212,boy,1,0
126,2,1.8590062388728053,0.5537427472920906,0.8207843129237278,1.2771089434538685,-1.4435237674196524,1.0934190593625657,-0.6819949074144039,-1.1258170095093911,boy,1,0
126,3,2.5789456996015865,1.4950986644537867,2.5773983134258067,2.3944265218969547,-1.5538361985273528,1.6432887597356483,-0.6062069178661657,-1.562826446220057,boy,1,0
127,1,0.579113864243861,-1.1553209081373963,1.158594697635666,1.4052973167946257,-0.6210845460312163,0.13733931006522465,0.22221601535482632,-0.6030911213006553,boy,1,0
128,1,0.4091281582384543,-1.8499136237130167,-0.4628951489816374,-0.5608351662021229,-0.4275041687083297,-0.7097572553743885,-0.5587604373011846,0.06771234463648786,boy,1,0
129,1,-1.7106935872407345,-1.9687255355877944,-1.2736400722902892,-1.2814616974150281,-0.3178781583652716,-1.898664715640512,-0.6213453294709829,1.271595090395898,boy,1,0
129,2,-0.7907709429761809,-2.1697918479912635,-1.1385159184055138,-0.9835103431635382,-0.5693784638684174,-1.398332826111852,-1.0503385926725994,-0.2891185012066011,boy,1,0
129,3,-0.4507995309653676,-1.082205885445226,-0.7331434567511881,0.0004220359925437709,-0.2884083902232388,-0.8831395933298649,-1.6884208691679174,0.8449390452987625,boy,1,0
130,1,0.11915254211158414,-1.2924115756852164,-0.1250847642696992,-1.0493368051493324,-0.7058153107427776,-1.4825471045473693,-1.5742644408945892,2.1441693045223182,boy,1,0
130,2,-0.5607902819100424,-0.7166307719843731,0.043820428086269916,-0.8778415489231846,-0.2924759482691105,-0.9425849663431708,0.35674120876718923,1.5672686927544084,boy,1,0
130,3,-0.3508079391974813,-0.2413831244852644,0.3478497743270143,-0.5677642674637853,-0.07682230039981308,-0.4719757633211638,0.06861921784740259,,boy,1,0
131,1,0.2491416114098363,0.31611892354253623,-0.19264684121208686,-0.4707568498005097,-1.2541571308447288,-1.0119379015253616,0.3878355354000349,,boy,1,0
131,2,-0.24081718825280646,-0.3967525477061268,0.2802876973846267,-0.1139081348248882,1.0858420621044895,-0.4670219822367216,0.0928982353296012,-0.3004349990167398,boy,1,0
131,3,0.28913824811699085,0.16988887815819512,0.8883463898661155,0.3676644028606587,0.27277387231388955,0.08780149922080277,-0.11243693571466196,,boy,1,0
132,1,-1.2807297426388236,-0.040316812081795286,0.21272562044223906,1.0605745290269135,-0.11674009472183647,0.26118383717627913,-0.7249722302346372,-0.13526228629854847,boy,1,0
132,2,0.03915926869727514,1.019851016954678,1.3612809284628289,1.4191555193179508,-0.8818679407000642,0.8110535375493614,-0.4249338756408006,0.22253166574114813,boy,1,0
132,3,1.3890457575637398,2.0251825789720237,2.509836236483419,1.4884465319345763,-1.204261509425596,1.3262467703313483,-0.6902533603631678,,boy,1,0
133,1,-0.9607566489815876,-0.5338432152539466,-1.881698764771778,-1.248548466422131,-0.5052975386505971,-2.200845361791485,-0.058575555838974565,1.0375602846202678,boy,1,0
133,2,-0.5507911227332538,-0.5247038374174253,-1.8141366878293903,-1.3923273176016289,-0.7951792656995771,-1.918479839978281,0.021548121507365105,1.9638276692075587,boy,1,0
133,3,0.579113864243861,-0.3510556585235202,-1.4087642261750644,-0.9904394444252008,-0.4302728339708677,-1.1754126773119535,0.35140866730507125,0.17437635591077172,boy,1,0
134,1,1.359048280033374,0.3435370570521002,-0.1250847642696992,-0.2784742897893738,-0.7933669752399096,-0.5760051660944495,-1.1211318865611688,-0.10781375969523424,boy,1,0
134,2,0.2091449747026818,-0.7806064168400223,0.5505360051541772,0.2550665073586423,0.2276119461806857,-0.031089246805809576,0.7610321044995872,,boy,1,0
134,3,0.8290928436635767,-0.32363752501395626,1.2937188515204414,1.074432731550239,-0.05726414328309275,0.4890577670606195,2.295004286777881,-0.0895147419596911,boy,1,0
135,1,0.8090945253099995,-0.5795401044365532,-0.6655813798088003,-1.0493368051493324,-0.4203813869924162,-1.5618076018984437,0.05477588181864071,0.8519215652241676,boy,1,0
135,2,-0.5507911227332538,-0.6252369936191599,-0.530457225924025,-0.4482372707001064,0.009851390576912198,-1.0367068069475724,1.370879230875382,,boy,1,0
135,3,0.1991458155258932,-0.2139649909757004,0.0100393896150761,-0.5365833117863038,-0.3685528166463062,-0.5660976039255652,-0.7275436121755026,1.1487990503284378,boy,1,0
136,1,-0.9707558081583764,0.09677385546602453,0.07760146655746374,-0.4586309225926002,0.05695430933262353,-0.1450262117479797,0.3647556619697402,-0.7475570507917845,boy,1,0
136,2,-1.1307423549869942,-0.2413831244852644,0.21272562044223906,-0.2247737550114891,0.2982714036346989,0.3305367723584697,-0.06543465981586445,-1.707292375711186,boy,1,0
137,1,-1.0407499223958967,-0.7440489054939371,-1.1385159184055138,0.24467285546614856,0.3608402661898595,-0.6849883499521776,-0.5382582022155039,2.5173729557077347,boy,1,0
137,2,-1.7506902239478892,-0.7623276611669797,-0.5980193028664127,0.16152364032619826,1.3974963134074796,-0.22924049018349685,-0.6251867613729076,0.3289549004662797,boy,1,0
137,3,-1.3707221752299212,-0.3053587693409136,0.0100393896150761,0.5997892951263543,0.4096802909182574,0.3305367723584697,0.3345476592013452,,boy,1,0
139,1,-0.7407751470922378,-0.6435157492922026,-0.4628951489816374,-0.6526457579191516,,-1.3686101396051986,-1.165554438647436,,boy,1,0
139,2,-0.4208020534350017,0.13333136681210986,-0.057522687327311535,-0.5556383402558758,,-0.8930471554987492,-1.236533339180561,-1.2722091513937352,boy,1,0
139,3,-0.9807549673351648,-0.04945618991831662,0.5505360051541772,-0.12083723608655085,-1.2046154305117522,-0.3976690470545309,-0.3174092353414795,,boy,1,0
140,1,-0.7007785103850833,-1.2101571751565243,-0.9358296875783508,-1.1550055993896866,-0.3746161556266561,-1.0565219312853409,-0.5527688879774981,2.0165577334718208,boy,1,0
140,2,-0.07083148224739975,-1.4386416210695574,-0.9020486491071572,-0.32524572330559604,1.421228945202654,-0.5660976039255652,-1.0549036819414996,-0.18004672444079886,boy,1,0
140,3,-0.18082223319207466,-0.7623276611669797,-0.6655813798088003,-0.12083723608655085,1.2018795205865482,-0.09053461981911574,-0.8494830067126659,-0.326198089775991,boy,1,0
142,1,-0.2208188698992292,0.8370634602242516,0.4829739282117896,0.1355395105949637,-0.2487393049036514,-0.2490556145212656,0.18388094411639844,,boy,1,0
142,2,-0.6107860777939856,1.0107116391181568,1.2937188515204414,0.8977406493778443,,0.20173846416297295,-0.4819735086210125,-0.5050950657958395,boy,1,0
142,3,-0.30081214331353817,0.9010391050799008,2.374712082598644,1.2580539149842964,,0.7417006023671707,3.0636055728182456,-0.03437691220390998,boy,1,0
143,1,-2.270646501140898,-0.999951484916534,-0.7331434567511881,-1.2087061341675711,2.4948440172491635,-2.0720470535959885,-0.14497649161354073,,boy,1,0
143,2,-1.5507070404121166,-0.9542545957339276,-0.530457225924025,-0.6526457579191516,,-1.6262067559961917,0.6281815418240573,-0.3365514813895221,boy,1,0
143,3,-1.3607230160531327,-0.5795401044365532,0.1451635434998514,-0.31831662204393363,-0.7640290725756941,-1.081290836707552,0.6720347611691595,,boy,1,0
144,1,0.21914413387947046,0.3892339462347068,-0.057522687327311535,0.682938510266305,0.2620628085283581,0.3800745832028916,2.218054691600234,-1.1508577706211869,boy,1,0
145,1,-0.9707558081583764,-1.027369618426098,-0.4628951489816374,-0.7808341312599086,2.18140305737403,-1.8194042182894368,-0.4698235725403312,0.9920535168305628,boy,1,0
145,2,-0.5107944860260993,-0.6526551271287239,-0.19264684121208686,0.17191729221869198,-0.7343546136797934,-1.3587025774363144,-0.04488028803227508,,boy,1,0
145,3,-0.5307928043796766,0.06021634411993925,0.07760146655746374,-0.051546223469925365,0.2099902544289708,-0.8633244689920961,-0.29426888334161005,,boy,1,0
146,1,0.2791390889402022,0.3709551905616642,0.3478497743270143,0.17018501690327645,0.3470591088781265,-0.8781858122454226,-0.06639397505738713,0.17437635591077172,boy,1,0
146,2,-0.5107944860260993,-0.2413831244852644,0.6180980820965649,0.6604189311659016,1.7620180515191672,-0.4026228281389732,-0.4719257242000161,-0.646671676697146,boy,1,0
146,3,-0.6607818736779287,0.48062772459992,1.5639671592899917,0.7331744944133587,2.1990238634734114,0.07789393705191848,-0.2815412726480985,-0.434547536894338,boy,1,0
147,1,-1.6706969505335802,-0.5978188601095961,-0.5980193028664127,-0.8501251438765342,0.9594049317841516,-1.6212529749117497,0.12636999538709068,0.4700499582692825,boy,1,0
147,2,-1.7606893831246777,-0.2413831244852644,-0.3953330720392498,-0.2663483625814645,1.264243455328865,-1.1506437718897429,-0.7081070511950784,0.2653898914901828,boy,1,0
147,3,-1.1707389916941486,0.4623489689268774,0.07760146655746374,-0.4222531409688719,1.4043758980266228,-0.9475387474276132,-1.002712761866812,0.8793700918274818,boy,1,0
148,1,-0.7607734654458149,-0.917697084387842,-0.4628951489816374,-1.0839823114576452,-0.9910114707881009,-1.3240261098452188,-0.3593625934147827,2.0042781294650744,boy,1,0
148,2,-1.2707305834620348,-1.0639271297721833,-0.1250847642696992,-0.8587865204536124,-0.3729069604088757,-0.8088328770632321,-0.491260097252539,-0.5479532915448742,boy,1,0
148,3,-1.8306834973621984,-0.5795401044365532,0.9559084668085029,-0.2732774638431269,0.059326803530751676,-0.13016486849465325,1.0241847880568618,-1.290989722227582,boy,1,0
149,1,-0.06083232307061112,-1.4295022432330362,-0.5980193028664127,-0.8016214350448964,-0.3915410081561997,-1.3289798909296608,0.2041350085200332,-0.6649706944326889,boy,1,0
150,1,-1.2207347875780918,-2.0783980696260502,-1.0033917645207386,-0.8379992166686249,0.4544712793030581,-1.051568150200899,-0.5262542488889673,2.1246664040410157,boy,1,0
150,2,-0.4907961676725221,-1.6031504221269413,-0.5980193028664127,-0.5729610934100321,-0.5762236282828175,-0.7147110364588305,-0.7747919732884299,0.0814366079381453,boy,1,0
151,1,1.009077708845772,0.18816763383123772,-0.057522687327311535,-0.17107322023360444,-1.2454939645561611,-0.7196648175432728,0.8819955000518966,1.4167833495344822,boy,1,0
151,2,1.1790634148511787,0.014519454937332638,0.2802876973846267,-0.4118594890763779,-0.03901428165693513,-0.2738245199434764,0.7618162404361365,1.2578708270942405,boy,1,0
151,3,1.6090272594530897,0.535463991619048,0.8207843129237278,0.26199560862030496,-0.8276883673536591,-0.03604302789025176,1.8372816175605649,,boy,1,0
152,1,1.5490323043923582,-0.2505225023217857,-0.057522687327311535,-0.7288658717974396,-0.1140282181697335,-0.9128622798365179,-0.6845579474836037,0.003906559111238993,boy,1,0
152,2,1.009077708845772,-0.6800732606382878,0.6180980820965649,0.04026436824710363,-0.8296286480406494,-0.4620682011522794,0.16367901641067226,-0.7475570507917845,boy,1,0
152,3,1.409044075917317,-0.287080013667871,1.2261567745780535,-0.3650880555601557,-0.7253949268173099,-0.05585815222802045,1.6164389070902907,-0.14561567791207955,boy,1,0
153,1,-0.9707558081583764,0.13333136681210986,0.07760146655746374,-0.18666369807234506,0.3860058732217295,-0.026135465721367386,0.6926579533939888,0.8726283484512292,boy,1,0
153,2,-0.6907793512082946,0.0419375884468966,0.8883463898661155,0.3434125484448402,-0.03953285556342435,0.4494275183850821,1.3829624319827396,-0.2489088174982371,boy,1,0
153,3,0.3791306807080885,1.3945655082520525,2.509836236483419,1.7742719589781566,-0.04365320000562487,1.048835029602586,0.6453970794735638,-0.9539025534149472,boy,1,0
154,1,-1.0207516040423192,0.4440702132538348,-0.3953330720392498,-0.4083949384455466,1.2109602285217516,-1.3587025774363144,-0.008111403199028887,1.2990436169992123,boy,1,0
154,2,-0.8307675796833354,-0.43331005905221215,0.07760146655746374,-0.020365267792443683,0.9373546809918508,-0.8980009365831914,-1.4255935186055941,,boy,1,0
155,1,0.3891298398848771,0.6816940370033892,-1.0709538414631259,-0.8328023907223778,0.05096351305402464,-1.3042109855074502,1.1602156893048334,1.6809152239540974,boy,1,0
155,2,0.4491247949456089,1.019851016954678,-0.4628951489816374,-0.7444563496361803,0.2610477534740706,-0.8236942203165586,0.12323136617297692,0.2827258030291186,boy,1,0
155,3,0.5991121825974383,1.7053043546937772,-0.1250847642696992,-0.5972129478258512,-0.44404995255623625,-0.5314211363344699,1.9726076306528089,,boy,1,0
156,1,-1.0707473999262624,-2.5536457171251588,-0.8682676106359632,-1.2035093082213244,0.8779414489101832,-1.130828647551974,0.7301734357412898,-0.5067805016399025,boy,1,0
156,2,-1.210735628401303,-2.928360208422533,-0.4628951489816374,-1.1082341658734642,0.5185705688159925,-0.7097572553743885,-0.25613610249106805,-1.0364889097740428,boy,1,0
156,3,-0.8407667388601241,-2.535366961452116,-0.3277709950968621,-0.5625674415175385,-0.3227721468621385,-0.3184085497034561,-0.17061106324137046,,boy,1,0
157,1,0.979080231315406,-0.003759300735710007,0.1451635434998514,-0.27154518852771137,-0.4939873183542382,-0.5710513850100073,1.1072093512748509,-0.10203512251558887,boy,1,0
157,2,0.6491079784813814,0.2338645230138444,0.8883463898661155,-0.02902664436952187,-0.4913767520847558,-0.10539596307244233,1.2480597688775172,,boy,1,0
158,1,-1.7606893831246777,-0.8263033060226289,0.3478497743270143,0.6846707855817206,0.17202399256118028,0.08284771813636066,1.3623726072445717,-0.10949919553929728,boy,1,0
158,2,-1.3307255385227668,-0.4790069482348187,1.158594697635666,1.207817930837243,1.0358467124395192,0.5485031400739258,0.046634215073193264,0.25672193572071506,boy,1,0
159,1,-0.23081802907601776,0.0419375884468966,-0.8682676106359632,-0.9505971121706414,-0.05985135488154295,-0.7890177527254635,-0.38437986653937134,0.4438053144117276,boy,1,0
159,2,-0.06083232307061112,-0.4790069482348187,-0.5980193028664127,-0.6093388750337607,0.36087375446835546,-0.2936396442812452,0.031426983027136014,-0.04232253832592205,boy,1,0
159,3,-0.9007616939208558,-0.06773494559135926,0.1451635434998514,0.33994799781400864,0.6484046381999671,0.2661376182607213,1.0640756183608908,-0.07338271316651497,boy,1,0
160,1,-0.8507658980369127,-0.4607281925617761,-0.8682676106359632,-1.0458722545185013,1.7701987633447296,-1.6955596911783826,-0.15404202064593414,2.0143907445294538,boy,1,0
160,2,-0.040834004717033884,-0.3876131698696055,-0.057522687327311535,-0.8605187957690281,-0.16658998992989027,-1.2299042692408173,1.0785946459945506,1.7839675869911022,boy,1,0
161,1,0.5891130234206496,-0.0860137012644019,1.5639671592899917,3.8512700621615066,-1.381965456177527,1.1330493080381032,0.7554347086120919,,boy,1,0
161,2,0.5491163867134952,0.6268577699842612,2.644960390368194,3.7993018026990373,-1.2634493575909005,1.6086122921445525,0.09805768295466206,,boy,1,0
161,3,1.6290255778066671,1.4037048860885737,3.658391544504009,3.8374118596381814,-1.5665482005128002,1.8563013463666616,0.9766945126656384,,boy,1,0
162,1,-0.3608070983742699,0.8553422158972942,-1.476326303117452,-0.7808341312599086,-0.5330343191981233,-1.3091647665918924,0.7380043677672007,,boy,1,0
162,2,0.11915254211158414,1.3214504855598816,-1.1385159184055138,-0.5140637326859007,-0.6979391961852712,-0.8534169068232117,-1.3258789556530202,,boy,1,0
162,3,0.21914413387947046,1.074687283973806,-0.5980193028664127,0.0385320929316876,-0.5387474317986952,-0.3332698929567827,0.3788200575976347,,boy,1,0
163,1,0.03915926869727514,0.07849509979298189,0.5505360051541772,1.1870306270522557,-0.4698471613179341,-0.3085009875345717,-0.055718464793568664,-0.6030911213006553,boy,1,0
163,2,0.2091449747026818,0.35267643488862155,1.0910326206932783,1.1610464973210208,0.6421705594833661,0.20173846416297295,-0.2329999214270317,-0.3211417822438017,boy,1,0
164,1,-0.6307843961475629,-0.9451152178974062,-1.0033917645207386,-0.8379992166686249,0.6421705594833661,-1.8590344669649743,-0.8742103997968812,1.8660723902518943,boy,1,0
164,2,-0.15082475566170878,-0.40589192554264814,-0.8007055336935757,-0.3720171568218183,-0.04972970201750634,-1.3933790450274093,-0.5466084157525871,1.2070669752231935,boy,1,0
165,1,-0.7207768287386606,-0.07687432342788059,-0.6655813798088003,0.12514585870246947,-0.34832667209163226,1.2618476162335996,2.700340001936373,-0.9471608100386948,boy,1,0
165,2,-0.06083232307061112,1.2574748407042324,-0.3277709950968621,0.4594749945776877,-1.0907502211831677,1.757225724677818,1.0831805899426143,,boy,1,0
167,1,1.4590398718012605,0.3892339462347068,1.7666533901171548,3.395681654207193,,1.346061894669117,0.32026846037806606,-1.5421196629929952,boy,1,0
167,2,2.2989692426515047,1.220917329358147,2.5773983134258067,2.7616688887650698,-1.1552796069861129,1.7671332868467025,0.8520815482597077,,boy,1,0
168,1,-0.12082727813134288,-0.3419162806869989,-1.9492608417141652,-1.5101220390498922,-0.5862071728631358,-1.9333411832316072,-1.8847926991076889,-0.8351997146830695,boy,1,0
168,2,0.17914749717231593,-0.4607281925617761,-1.3749831877038703,-1.0562659064109952,-0.9314065641971782,-1.4280555126185048,-0.6265339736468726,-0.7639298561341127,boy,1,0
169,1,-0.040834004717033884,-0.3693344141965629,-1.7465746108870026,-1.2468161911067153,0.08304132591662296,-1.928387402147165,-1.877164057469664,,boy,1,0
169,2,0.5191189091831292,-0.7074913941478518,-1.2736400722902892,-1.2035093082213244,0.03953956589481801,-1.4280555126185048,-0.6593258711636308,0.7170866976991138,boy,1,0
170,1,-0.040834004717033884,-0.5429825930904679,-0.3277709950968621,-1.0493368051493324,-0.902907186163978,-0.7939715338099055,-0.11459748047600535,,boy,1,0
170,2,0.1991458155258932,-0.3967525477061268,-0.2602089181544745,-0.6595748591808139,-0.6344693706991418,-0.3828077038012044,-1.2484914122129376,1.3086746789652877,boy,1,0
171,1,1.2690558474422762,-0.4881463260713401,0.1451635434998514,0.1493977131182885,0.8821005162723671,-0.5710513850100073,-0.1769467147712554,-0.20412437935598704,boy,1,0
173,1,0.07915590540442967,0.5903002586381759,-1.2736400722902892,-1.347288159400822,0.4325347458912471,-1.9482025264849336,0.5697321325323899,0.8312147819971054,boy,1,0
173,2,0.41912731741524295,0.5720215029651332,-1.0709538414631259,-0.8605187957690281,0.12872154717495973,-1.4726395423784844,-0.0810548145093596,0.9241545299697322,boy,1,0
174,1,0.7590987294260563,-0.07687432342788059,-1.0709538414631259,-1.27280032083795,-0.34836659585756485,-1.4577781991251575,1.1588809898383658,0.3429199403170891,boy,1,0
174,2,1.1490659373208127,1.467680530944223,-0.8682676106359632,-0.6959526408045426,-0.18592696647036414,-0.9822152150187085,-0.9235066904036684,1.8208063990113403,boy,1,0
175,1,0.3291348848241453,0.2887007900329723,0.1451635434998514,-0.07406580257032859,1.0910315011858782,-0.6948959121210618,1.1421576226171188,0.497498484872597,boy,1,0
175,2,0.2591407705866249,0.7091121705129529,0.1451635434998514,-0.009971615899949956,-0.75271624045836,-0.2540093956057078,0.3693374349819703,,boy,1,0
176,1,-0.08083064142418839,0.11505261113906715,0.21272562044223906,-0.4967409795317442,1.9011925885820105,-1.0218454636942458,0.8023869332808967,-0.21086612273223945,boy,1,0
176,2,-0.3108113024903268,0.508045858109484,0.4491928897405958,0.1823109441111857,-0.4643063613873314,-0.5908665093477761,1.95560481073077,0.17148703732094905,boy,1,0
177,1,-0.03083484554024525,0.508045858109484,-0.3277709950968621,-1.319571754354172,0.1843075899094708,-1.7104210344317088,1.1207774055386537,1.4526590553581131,boy,1,0
177,2,0.3691315215312999,1.1295235509929338,-0.158865802740893,-0.7150076692741145,-0.5278563196346859,-1.2794420800852395,0.3075262514091398,2.326437152230292,boy,1,0
178,1,0.7990953661332109,0.06021634411993925,0.0100393896150761,-0.4378436188076125,-0.7366493108113764,-0.2540093956057078,-0.8113210293112948,-0.3830213553758352,boy,1,0
179,1,0.00916179116690926,0.09677385546602453,0.1451635434998514,-0.8518574191919499,-0.030834217666142694,-1.1258748664675315,0.2505033021722593,-0.19112244570178527,boy,1,0
180,1,0.33913404400093394,1.3214504855598816,2.644960390368194,3.7785144989140496,,1.0736039350247968,1.0849094428452726,,boy,1,0
181,1,0.8390920028403653,0.4714883467633987,2.4422741595410318,2.72182655651051,-1.5697571214648292,1.1429568702069874,0.6570089648318251,-0.8990055002083184,boy,1,0
181,2,1.519034826861992,0.6634152813303464,3.996201929215947,3.7490658185519825,-1.451941858725064,1.5887971678067838,0.9609137769425831,,boy,1,0
182,1,-0.4907961676725221,-1.9870042912608368,-1.2736400722902892,-1.1498087734434397,,-1.2794420800852395,-0.2626239931788471,-0.809436623923818,boy,1,0
183,1,-0.2808138249599609,-1.3929447318869508,0.4154118512694019,0.37286122880690586,0.3047604258151597,-0.1697951171701906,-0.10564873764692836,0.3807218585339344,boy,1,0
184,1,-1.38072133440671,-0.5704007266000319,-1.4087642261750644,-1.2814616974150281,-0.06369097673929051,-1.9382949643160488,0.37925174945631934,0.7211798990346956,boy,1,0
186,1,-1.000753285688742,0.023658832773853958,-0.7331434567511881,-1.2814616974150281,0.6255915623453759,-1.6658370046717292,0.07392881916244028,2.4135982630232737,boy,1,0
186,2,-0.4308012126117903,0.937596616425986,-0.4628951489816374,-1.0874468620884763,-0.09251715934613433,-1.3735639206896406,1.2797922486927666,3.0807900807231388,boy,1,0
187,1,0.4091281582384543,-0.9268364622243634,2.239587928713868,1.6374222090603212,-0.7903342171749164,0.7813308510427083,-0.4842195575669258,,boy,1,0
188,1,-1.5607061995889049,-0.7349095276574157,0.8883463898661155,1.093487760019811,-0.2685059605103374,0.26118383717627913,0.7984495698548195,-0.8782987169812566,boy,1,0
188,2,-0.3808054167278472,0.2064463895042804,1.7666533901171548,1.0138030955106918,-0.8359743140206033,0.6921627915227491,0.3694583921211193,,boy,1,0
189,1,-0.9407583306280104,0.13333136681210986,1.4964050823476045,0.9289216050553254,0.4007302589937533,1.0934190593625657,-0.07502989769901122,,boy,1,0
189,2,-1.3007280609924008,0.7273909261859958,2.374712082598644,2.55899267686144,-1.2006468773973702,1.7175954760022805,0.671217257745948,,boy,1,0
190,1,1.1390667781440242,0.48062772459992,0.6856601590389525,-0.6682362357578923,-0.866215700406116,-0.5908665093477761,-0.821581531459759,-0.7612813140934416,boy,1,0
190,2,-0.07083148224739975,0.7182515483494744,0.6856601590389525,-0.17107322023360444,3.111463896671857,-0.23914805235238126,-0.6468756277029944,,boy,1,0
191,1,-1.2807297426388236,-1.3015509535217378,-0.9358296875783508,-1.1359505709201143,0.37046106957293307,-1.57666894515177,0.6804996754416424,1.8906315982653858,boy,1,0
191,2,-1.1207431958102057,-1.8499136237130167,-0.5980193028664127,-1.0510690804647482,0.7307036963119928,-1.2645807368319129,-0.17233157427236298,,boy,1,0
192,1,0.18914665634910452,1.2391960850311898,3.1854570059072955,2.591905907854338,-1.1457054363276429,1.346061894669117,-0.1408514360749919,,boy,1,0
193,1,-0.9807549673351648,1.2848929742137964,-0.2602089181544745,-0.6855589889120486,-0.94537137621818,-1.6212529749117497,0.16680930375312075,2.1376683376952177,boy,1,0
195,1,-0.7007785103850833,-1.3929447318869508,-0.7331434567511881,-0.8535896945073654,-1.494193740277436,-1.3636563585207564,-1.0243307222877427,,boy,1,0
196,1,0.3291348848241453,0.2612826565234083,0.21272562044223906,-0.15894729302569496,0.35800645825856864,0.23641493175406825,0.20684820227921027,0.287782110561308,boy,1,0
197,1,-0.9107608530976444,-0.6069582379461173,-0.530457225924025,-0.8605187957690281,0.2772964641161759,-1.5320849153917906,-0.17944301986713196,2.105645056658017,boy,1,0
198,1,-0.9307591714512216,-0.5704007266000319,-1.476326303117452,-0.6006774984566825,-0.2211091550007584,-1.5964840694895388,-1.1961983042103492,1.6000143034390648,boy,1,0
199,1,-0.8907625347440672,-0.6343763714556812,-1.0033917645207386,-0.7929600584678181,0.283265055364953,-1.670790785756172,0.9175902664482356,,boy,1,0
200,1,-1.0407499223958967,-0.26880125799482835,-1.0033917645207386,0.8059300576608153,0.05009773157158317,-1.0069841204409196,-0.5417325917641503,,boy,1,0
500,1,-0.6707810328547174,-0.1682681017930938,,-0.4031981124992997,2.777005409348671,0.5584107022428101,-0.3885925117304074,-0.1867884678170512,girl,0,1
500,2,1.409044075917317,1.1569416845024978,0.3478497743270143,-0.28713566636645194,-0.16768969741701736,1.0339736863492597,-0.5371216222010905,-1.4407527358000527,girl,0,1
500,3,2.1789793325300413,1.6687468433476915,0.8207843129237278,-0.022097543107859715,-1.641793510379229,1.6086122921445525,-0.0287971594613488,-1.6591370658808096,girl,0,1
500,4,3.098901976794595,2.5461271156537393,1.6990913131747671,0.6725448583738113,,1.85134756528222,-0.26778344080390803,-1.486981833237214,girl,0,1
501,1,-0.020835686363456618,-2.2337674928469125,,-1.0025653716331104,-0.05261440252837798,-0.7741564094721368,,1.2130863889519905,girl,0,1
501,2,0.9090861170778856,0.0419375884468966,-1.0033917645207386,-0.6872912642274643,0.8687432056174459,-0.2193329280146125,-0.30653769109352313,0.8345856536852322,girl,0,1
501,3,1.1790634148511787,0.3252583013790576,-0.7331434567511881,-0.17800232149526685,0.44092593688193205,0.4692426427228508,-0.5342978986423464,-0.3863922270639616,girl,0,1
502,1,-0.4607986901421562,0.6542759034938251,,-0.9072902292852504,0.2715466096500725,-0.2936396442812452,-0.7526505604204943,0.377110210296656,girl,0,1
502,2,0.17914749717231593,0.6999727926764318,-0.9358296875783508,-0.6405198307112421,-0.3160710638590659,0.1670619965718777,-0.385545643104613,-0.20075350766786068,girl,0,1
502,3,-0.12082727813134288,1.019851016954678,-0.3953330720392498,-0.21438010311899536,,0.7218854780294021,-1.0668596695059598,,girl,0,1
502,4,0.43912563576882013,1.1934991958485832,0.0100393896150761,0.11648448212539128,,1.2469862729802732,-0.13386511855520455,,girl,0,1
503,1,-0.0508331638938225,1.0655479061372846,,-1.0493368051493324,2.426012058441548,-0.5660976039255652,0.024801451456878,1.144224295894552,girl,0,1
503,2,-0.87076421639049,1.1386629288294552,-1.2060779953479015,-1.094375963350139,-0.1008314173028307,-0.07567327656578919,1.787774694694226,1.8940024699535127,girl,0,1
503,3,0.0591575870508524,1.2757535963772748,-1.1385159184055138,-0.2126478278035796,-0.2306038407327729,0.4147510507939868,-1.0316778257570598,-0.5859959863108718,girl,0,1
503,4,0.8590903211939426,1.6778862211842132,-0.3277709950968621,-0.36855260619098695,0.9211764303461568,0.9398518457448579,-0.7625648748948434,,girl,0,1
504,1,-0.4807970084957335,-1.822495490203453,,-0.0654044259932504,0.8044011961600479,0.3156754291051432,-0.9637603921251432,0.6523178059772571,girl,0,1
504,2,-1.0607482407494742,-0.8628608173687142,-0.530457225924025,1.1160073391202143,0.2800005385832569,0.8060997564649192,-0.85560176957925,-0.07001184147838861,girl,0,1
504,3,-0.7607734654458149,-0.5704007266000319,-0.057522687327311535,1.2112824814680745,1.045085943798168,1.3312005514157903,-0.16400638635027545,-0.1663224611391414,girl,0,1
504,4,0.04915842787406377,0.06935572195646057,0.8207843129237278,1.5646666458128646,,1.8216248787755664,-0.5195682387491345,-1.0846442196044193,girl,0,1
505,1,0.5391172275367065,-1.027369618426098,,-1.243351640475884,0.4164203521064189,-0.6007740715166604,0.4758422814701945,-0.7887298406967562,girl,0,1
505,2,0.14915001964195004,-0.058595567754837936,-1.2736400722902892,-1.0961082386655547,-0.2713368046354853,-0.1450262117479797,0.2096218746079616,,girl,0,1
506,1,0.14915001964195004,-0.5521219709269893,,-0.8899674761310941,0.13799508684651493,-0.5462824795877964,-0.38860711000582204,0.8759992201393558,girl,0,1
506,2,0.11915254211158414,-0.3053587693409136,-0.7331434567511881,-0.9246129824394068,-0.20913150482915707,-0.07071949548134701,0.13549808845697414,-0.6408930395175007,girl,0,1
506,3,0.6291096601278041,0.03279821061037528,-0.19264684121208686,-0.6474489319729048,0.23882659984894436,0.4692426427228508,-0.1284032780822723,-1.376946950274804,girl,0,1
507,1,-0.2708146657831723,-1.338108464867823,,-1.0025653716331104,0.9185293296851588,-0.8534169068232117,-0.11255997832172683,,girl,0,1
507,2,-0.2808138249599609,-1.7950773566938891,-1.2736400722902892,-1.0112267482101889,0.26134723557836353,-0.3828077038012044,0.583118751087469,-0.5674561920261767,girl,0,1
508,1,0.22914329305625905,-0.3876131698696055,,-0.5469769636787976,0.8570964222621033,-0.3778539227167623,0.4432067940471628,-0.4896853666501191,girl,0,1
508,2,0.4591239541223975,0.5446033694555693,-0.4628951489816374,0.2290823776274077,0.07261021967881609,0.08780149922080277,0.6771691831792243,-0.03558079494966967,girl,0,1
508,3,0.7690978886028449,2.290224536231141,0.3140687358558205,1.3204158263392594,-1.2043694217058778,0.9745283133359534,1.1433630230727725,,girl,0,1
509,1,-1.3107272201691895,-0.6800732606382878,,-1.243351640475884,1.2494356794156378,-1.2546731746630286,-1.1621801515587742,,girl,0,1
509,2,-0.08083064142418839,-0.4515888147252548,-1.0033917645207386,-0.6474489319729048,0.6310561999681329,-0.7295723797121572,-0.21519211088928028,2.4417691192740443,girl,0,1
509,3,0.4291264765920316,-0.3601950363600416,-0.19264684121208686,-0.2698129132122956,1.4285186475398892,-0.031089246805809576,1.2140353598221931,,girl,0,1
510,1,-0.7807717837993923,-0.6617945049652452,,-0.5088669067396537,0.9407177885155938,-0.045950590059136084,-0.2521883117254089,2.5029263627586222,girl,0,1
510,2,0.1991458155258932,-0.32363752501395626,0.1451635434998514,-0.4049303878147155,0.3948021187300715,0.4791502048917352,-1.520663744508446,0.8312147819971054,girl,0,1
510,3,1.489037349331626,0.5171852359460053,1.7666533901171548,0.5062464280939097,-0.5818743951312599,1.1776333377980828,0.3226646630139571,-0.23494377764742766,girl,0,1
511,1,-1.2007364692245146,-1.5848716664538989,,-1.563822573827777,3.5365260781243952,-1.5221773532229064,,1.3505697985177147,girl,0,1
511,2,-0.5407919635564652,-0.9085577065513208,-1.1385159184055138,-1.0164235741564356,1.6621953913496206,-0.9376311852587288,-0.5457429465672999,0.6523178059772571,girl,0,1
511,3,0.5491163867134952,-0.23224374664874306,-0.530457225924025,-0.5972129478258512,0.9646535745431762,-0.2540093956057078,0.010282423823218059,-0.014874011722607487,girl,0,1
512,1,-0.5407919635564652,0.09677385546602453,,-0.2992615935743615,-0.16283204911295238,0.310721648020701,-1.5473055971398746,0.3503840133407972,girl,0,1
512,2,-0.08083064142418839,0.2155857673408017,-0.2602089181544745,0.748764972252099,-0.7102688884187602,0.776377069958266,-0.09588249139463982,-1.3598518152850203,girl,0,1
512,3,0.07915590540442967,0.7273909261859958,0.8207843129237278,0.061051672032091074,-1.5559948264617074,1.2866165216558108,-0.5986992333672897,,girl,0,1
512,4,1.0190768680225606,1.3488686190694457,1.2937188515204414,0.3676644028606587,,1.3411081135846747,1.5009686340296586,-1.0675490846146356,girl,0,1
513,1,-1.540707881235328,-1.5300353994347706,,-0.8085505363065592,-1.6138643714547136,-0.6899421310366197,-0.7695094830563041,0.99807293055936,girl,0,1
513,2,-0.5807886002636198,-1.0639271297721833,-1.6114504570022272,-0.8050859856757276,-0.5715765854488979,-0.22924049018349685,0.8779997435241615,-0.2086991337898728,girl,0,1
514,1,-1.5907036771192709,-2.8004089187112338,,-0.8050859856757276,0.05256761073498233,-0.44225307681451065,-0.8522295679585049,0.5560071863165041,girl,0,1
514,2,-2.260647341964109,-1.7950773566938891,-1.0033917645207386,0.3243575199752678,1.4238434246520677,-0.031089246805809576,-0.7166783243312956,0.7763177287904763,girl,0,1
514,3,-2.130658272665857,-0.287080013667871,-0.4628951489816374,0.9098665765857534,-0.3125660057997208,0.4890577670606195,0.6751859031907711,1.759889932075914,girl,0,1
514,4,0.4291264765920316,0.4897671024364413,0.3478497743270143,1.5629343704974483,,0.9051753781537628,-0.6855693994230359,,girl,0,1
515,1,1.3690474392101626,1.4037048860885737,,-1.1879188303825834,0.5267877133821812,-0.08558083873467356,-0.32073555666806497,,girl,0,1
515,2,-0.07083148224739975,-0.058595567754837936,-0.5980193028664127,-0.7860309572061558,-0.4104735727036653,0.4246586129628712,1.4834423616606154,-0.35894370046064705,girl,0,1
515,3,0.6991037743653246,0.6908334148399105,0.07760146655746374,-0.12083723608655085,-1.1373137958731392,0.9051753781537628,0.8121093847069418,-1.7036807274739076,girl,0,1
515,4,1.2690558474422762,0.8918997272433795,0.6856601590389525,0.03679981761627206,,1.3064316459935794,0.02477851130979817,-1.2943605939157086,girl,0,1
516,1,-0.8307675796833354,-1.3929447318869508,,-1.2831939727304436,4.606532343724783,-1.3735639206896406,-0.3592833456339612,1.5605269493781564,girl,0,1
516,2,-1.1707389916941486,-0.9816727292434916,-1.0709538414631259,-1.151541048758855,1.120011272975816,-0.8633244689920961,-0.8791758989057209,-0.2566136670710971,girl,0,1
516,3,-0.87076421639049,-0.6892126384748092,-0.8682676106359632,-0.8778415489231846,0.4183528750858277,-0.4224379524767419,0.7088224152136524,0.17076470767349336,girl,0,1
516,4,-0.4008037350814245,-0.2139649909757004,-0.3277709950968621,-0.3650880555601557,,0.35035189669623845,-0.7350512966743786,-0.3107883906302706,girl,0,1
517,1,0.34913320317772256,1.0472691504642422,,0.8492369405462061,-0.8653363322203406,0.6426249806783272,-1.902122937492595,0.4700499582692825,girl,0,1
517,2,1.7190180103977646,1.3397292412329245,0.21272562044223906,1.221676133360568,-1.7434559216926595,1.1429568702069874,-0.7211850204985378,,girl,0,1
517,3,1.9789961489942691,1.4950986644537867,0.38163081279820815,0.6534898299042389,-1.833947325726207,1.6482425408200903,-0.40897170420902335,,girl,0,1
517,4,2.2089768100604066,1.9429281784433317,0.2802876973846267,0.5079787034093257,,1.5293517947934776,-0.5756819239744849,,girl,0,1
518,1,-1.3307255385227668,0.1607495003216738,,0.2689247098819676,4.2288281811403845,0.6277636374250005,0.168627831776182,-1.1294286577466692,girl,0,1
518,2,0.579113864243861,0.7730878153686024,-0.7331434567511881,0.748764972252099,-0.03284894776764122,1.10332662153145,1.2850038330157358,-0.5233940835313823,girl,0,1
518,3,1.0390751863761378,1.7144437325302984,-0.3615520335680559,1.699784120415284,-1.0867837132239848,1.6284274164823214,1.1890264285692709,,girl,0,1
518,4,2.048990263231789,2.098297601664194,-0.057522687327311535,0.8977406493778443,,1.7671332868467025,0.3521844613699548,,girl,0,1
519,1,-0.9307591714512216,-0.7257701498208944,-1.2060779953479015,-0.16587639428735734,-0.30440939054496274,0.3701670210340072,-0.10062275996851386,-0.8575919337541944,girl,0,1
519,2,0.18914665634910452,-0.40589192554264814,-0.5980193028664127,0.1632559156416138,-1.2141925213575135,0.8804064727315519,-0.7606483298797133,-0.9127297635099756,girl,0,1
519,3,0.9190852762546744,0.6359971478207825,0.0100393896150761,0.11648448212539128,-1.5788309152431106,1.4302761731046338,-0.7127701574560473,,girl,0,1
520,1,0.35913236235451124,1.3671473747424885,-1.1385159184055138,-0.8968965773927564,-0.2337016500565784,-0.6750807877832933,-0.6428444182206813,0.29283841809349737,girl,0,1
520,2,0.12915170128837278,1.7601406217129052,-0.5980193028664127,-0.5105991820550693,-0.2632910874662249,-0.15493377391686405,0.2252378583656246,-0.26263308079989417,girl,0,1
520,3,0.9590819129618288,2.5095696043076536,-0.4628951489816374,-0.17800232149526685,0.5891483061618764,0.3949359264562181,-0.1603714157720702,,girl,0,1
521,1,0.6091113417742269,0.6359971478207825,-0.19264684121208686,-0.8899674761310941,0.7963071079601235,0.14724687223410896,0.11267889851622333,-0.6030911213006553,girl,0,1
521,2,0.04915842787406377,0.6451365256573038,-0.19264684121208686,-0.34949757772141504,1.1541477336754746,0.6673938861005381,-0.7951127726653878,-0.4966678865755234,girl,0,1
521,3,0.6691062968349587,1.5773530649824787,0.6180980820965649,-0.17107322023360444,0.2321268580307349,1.1380030891225452,-0.36988794998862384,-1.00542873493345,girl,0,1
522,1,-0.3308096208439041,-1.018230240589577,-0.4628951489816374,-0.7513854508978429,3.1901793865845924,0.3751208021184493,-0.8636912996267889,-1.5869041011352452,girl,0,1
523,1,-0.9307591714512216,-0.43331005905221215,-1.5438883800598395,-1.243351640475884,0.18556788418137216,-1.4231017315340626,-0.5797027061172163,-0.9392151839166824,girl,0,1
523,2,-0.44080037178857895,0.1241919889755885,-1.2736400722902892,-1.2762648714687812,-0.4072751058628361,-0.9029547176676336,-1.3229071638722152,-0.1759535231052168,girl,0,1
523,3,0.2791390889402022,0.3800945683981855,-1.1385159184055138,-0.7080785680124521,0.8370902350593584,-0.4323455146456263,-0.014301071974768697,,girl,0,1
524,1,-0.7907709429761809,-0.7440489054939371,-0.2602089181544745,-0.6162679762954231,1.7044710876570868,-0.26887073885903423,-1.4331762799494585,1.8494588083604149,girl,0,1
524,2,-0.23081802907601776,-0.5795401044365532,-0.19264684121208686,0.2567987826740583,0.889923362729705,0.18687712090964645,-1.1546787234636469,2.148744058956204,girl,0,1
524,3,0.0591575870508524,-0.26880125799482835,0.7532222359813402,1.4052973167946257,0.3735196416536008,0.7466543834516131,-0.7219107633334291,,girl,0,1
526,1,0.6091113417742269,0.10591323330254586,-0.9358296875783508,-0.588551571248773,-0.8459841842846902,0.6327174185094427,-1.0803443050531079,-1.4113779968035232,girl,0,1
526,2,1.5790297819227237,0.6908334148399105,-0.3953330720392498,0.022941615092947256,1.6722483839689937,1.0835114971936814,-0.11217833769303444,-1.4698866982474303,girl,0,1
526,3,2.8689213157284565,2.07087946815463,0.0100393896150761,0.3676644028606587,-0.979059118791842,1.6680576651578587,-0.055956208136033136,,girl,0,1
527,1,0.1691483379955273,1.44940177527118,-0.6655813798088003,-0.6613071344962298,-0.023647551021579904,0.2314611506696261,0.5188988520712492,0.07445408801274057,girl,0,1
527,2,0.5891130234206496,1.4128442639250949,-0.057522687327311535,0.1771141181649386,0.4846560321095297,0.7317930401982864,0.2223536562373058,-0.7441861791036581,girl,0,1
527,3,1.299053324972642,1.961206934116374,0.4829739282117896,0.7037258140512925,-0.3252046458075953,1.2123098053891779,1.4416308154056243,-0.5034096299517762,girl,0,1
528,1,-0.6207852369707743,-0.43331005905221215,-1.1385159184055138,-1.2935876246229374,-1.1183953278006291,-1.1209210853830895,-0.857301425931079,0.5148343964115328,girl,0,1
528,2,-1.2307339467548806,-0.4150313033791695,-0.8682676106359632,-1.217367510744649,-0.4163401493201914,-0.6552656634455245,-0.7630069940931105,0.7074556357330385,girl,0,1
528,3,-0.3208104616671154,0.4989064802729627,-0.5980193028664127,-0.6474489319729048,0.1103971238631628,-0.11034974415688448,-1.4140087443302445,-0.0803652330919197,girl,0,1
530,1,-0.4108028942582131,0.2887007900329723,-0.3277709950968621,-0.17800232149526685,-0.24022410741432484,0.6872090104383068,-0.052988587291060686,-0.8301434071508802,girl,0,1
530,2,0.6091113417742269,-0.14998934612005116,0.4829739282117896,0.8423078392845436,,1.1726795567136403,3.096668581164129,-1.4732575699355568,girl,0,1
530,3,0.6191105009510155,0.4440702132538348,1.0234705437508906,1.5040370097733171,-0.6857882395924736,1.6482425408200903,0.7877705142955432,-0.322104888440409,girl,0,1
531,1,0.35913236235451124,0.2430039008503657,-1.2736400722902892,-1.2554775676837937,0.4650592537237155,-0.3184085497034561,-1.2437073488128203,-0.6608774930971071,girl,0,1
531,2,-0.2008205515456519,0.6816940370033892,-0.9358296875783508,-0.7791018559444931,0.3579016345722749,0.13733931006522465,-0.1729321890322731,-0.5274872848669644,girl,0,1
531,3,0.0591575870508524,1.3671473747424885,-0.530457225924025,-0.7929600584678181,-0.634928536109039,0.6327174185094427,-2.343935571976042,,girl,0,1
532,1,-1.0607482407494742,-0.14998934612005116,-0.9358296875783508,-0.612803425664592,-0.5657928129637866,0.6376711995938851,-1.5834259014511345,0.01811237551120011,girl,0,1
532,2,-1.350723856876344,0.4075127019077495,0.21272562044223906,-0.7063462926970363,-0.8505657093277327,1.0785577161092392,-1.2269360158294975,-1.6745467650265302,girl,0,1
532,3,-1.7406910647711005,0.9467359942625074,0.6180980820965649,-0.507134631424238,-0.27625683700041004,1.7621795057622605,-0.6406359076972621,,girl,0,1
533,1,0.6691062968349587,1.1752204401755404,0.4154118512694019,0.4127035610614657,-0.15533673737090492,0.6624401050160958,-0.5304794068875016,-1.6555254176435312,girl,0,1
533,2,1.0490743455529266,1.3214504855598816,1.158594697635666,0.3797903300685685,,1.0884652782781234,-0.6400707458919299,-1.156877184349984,girl,0,1
533,3,1.199061733204756,1.9429281784433317,1.158594697635666,0.9029374753240909,-1.7332703680454693,1.6779652273267434,0.2196175223310494,,girl,0,1
534,1,-1.1507406733405714,-0.5429825930904679,-0.4628951489816374,-1.0510690804647482,0.024349989242665498,0.28099896151404785,-1.2515716483253934,-0.3081398485895999,girl,0,1
534,2,1.0390751863761378,1.0838266618103272,0.2802876973846267,0.11301993149456023,-1.3228096879707532,1.1974484621358514,-1.5573700653042009,,girl,0,1
535,1,-0.19082139236886328,-0.4515888147252548,-0.4628951489816374,-0.20052190059567007,0.18888538004093253,0.6475787617627693,-1.0020829505560729,-0.8525356262220051,girl,0,1
535,2,-0.520793645202888,-0.5338432152539466,0.4154118512694019,0.9687639373098852,0.004006154199062701,1.1082804026158923,0.9169875662204092,-1.136170401122922,girl,0,1
535,3,0.3091365664705681,-0.5338432152539466,0.7910569990690774,0.6049861210726014,-1.3135844662286509,1.5987047299756685,1.8298135569520997,-1.225739277407422,girl,0,1
536,1,0.5891130234206496,0.6725546591668677,-1.0709538414631259,-0.8068182609911432,-0.7338330429685521,-0.09548840090355794,0.06806865431748428,0.2259025374292745,girl,0,1
536,2,0.03915926869727514,0.29784016786949363,-0.6655813798088003,-0.254222435373555,0.4658937403869553,0.4642888616384086,-1.238698054877737,-0.06182543880722454,girl,0,1
537,1,-0.4707978493189449,-1.0365089962626193,-0.4628951489816374,-0.013436166530781526,0.04202494492231086,0.5187804535672725,-0.37866985538439263,0.12622104608039533,girl,0,1
537,2,0.6291096601278041,0.3709551905616642,0.3478497743270143,1.6149026299599178,-1.0201364004267646,1.0141585620114906,-1.5015400037154751,,girl,0,1
538,1,-1.540707881235328,-1.703683578328676,-1.2060779953479015,-1.0909114127193078,-1.0926634012880088,-0.967353871765382,-0.8978575205004246,0.7108265074211645,girl,0,1
538,2,-2.340640615378418,-1.913889268568666,-0.8682676106359632,-0.4672922991696784,0.9877040219124352,-0.4620682011522794,-1.5210474706050552,0.5938091045333502,girl,0,1
539,1,-1.3707221752299212,0.2612826565234083,0.4154118512694019,0.35034164970650233,-1.0869489262620895,0.7516081645360552,3.4010280252806524,-0.38470679121989854,girl,0,1
539,2,-0.6207852369707743,0.13333136681210986,1.3612809284628289,0.9964803423565354,-1.4547439697851294,1.2568938351491576,0.1259883547583978,-1.149894664424579,girl,0,1
540,1,-1.2307339467548806,-0.6709338828017665,-0.8682676106359632,-0.26461608726604874,-0.009671371548555177,-0.060811933312462624,1.079681174778972,-0.9418637259573532,girl,0,1
541,1,0.21914413387947046,-0.1591287239565725,-0.2602089181544745,-0.4638277485388471,-0.04512365635256359,0.07294015596747629,-0.16788952761052814,0.04700556140942602,girl,0,1
541,2,1.2590566882654877,0.18816763383123772,0.4829739282117896,0.16498819095702932,,0.5881333887494632,-0.5042921862618378,,girl,0,1
541,3,1.998994467347846,0.2704220343599296,0.21272562044223906,-0.4517018213309375,,0.8605913483937833,-1.149141806145726,-0.6960308692732817,girl,0,1
542,1,-1.2807297426388236,-0.8171639281861076,-1.0709538414631259,-1.0874468620884763,-0.2372241052104149,-1.2794420800852395,-1.5193790962719715,1.9250626447941053,girl,0,1
542,2,0.8890877987243084,0.2155857673408017,-0.5980193028664127,-0.8050859856757276,-0.26648375451696804,-0.7840639716410212,-0.6970957805967268,-0.6786949577343463,girl,0,1
542,3,0.01916095034369789,-0.14084996828352986,-0.3277709950968621,-0.5677642674637853,-0.3322210403858556,-0.3976690470545309,-0.7897406073128586,-0.26335541044734984,girl,0,1
543,1,-0.9207600122744329,-1.4386416210695574,-1.1385159184055138,-1.1359505709201143,-0.40955810176335816,-1.3487950152674295,-1.032092833872414,1.4606046814801252,girl,0,1
543,2,-0.29081298413674955,-1.0730665076087047,-1.0033917645207386,-0.9627230393785506,-0.5710319498475165,-0.8583706879076538,-0.022063183559440064,1.4979250465986669,girl,0,1
543,3,-0.14082559648492016,0.2064463895042804,-0.5980193028664127,-1.0510690804647482,-0.2724529772908574,-0.4719757633211638,-0.16251944772591526,-0.5893668579989982,girl,0,1
544,1,-1.7806877014782547,-2.535366961452116,-1.1385159184055138,-0.4153240397072092,0.2457418555856357,-0.8038790959787899,-1.0109357618609978,1.2588339332908485,girl,0,1
544,2,-1.4107188119370755,-2.0783980696260502,-0.4628951489816374,-0.2698129132122956,0.4685382125380262,-0.3530850172945514,0.836895170892815,0.042671583524691976,girl,0,1
544,3,-0.37080625755105856,-1.484338510252164,0.07760146655746374,0.07317759924000035,-0.16607051026846542,0.15220065331855115,-0.2821710839588373,0.17076470767349336,girl,0,1
545,1,-0.9707558081583764,-1.1096240189547901,-0.6655813798088003,-0.21784465374982645,1.0104256794813604,-0.026135465721367386,0.2395274845284853,0.6419644143637265,girl,0,1
545,2,-0.08083064142418839,0.4989064802729627,0.5505360051541772,0.5131755293555724,-1.2063331378535995,0.4395199562161977,1.1424162206387474,0.8827409635156085,girl,0,1
545,3,0.8590903211939426,1.0381297726277203,1.0234705437508906,1.1974242789447491,-1.2640694936314665,0.8358224429715722,0.6374827287309983,-0.2970641273286135,girl,0,1
546,1,-1.0407499223958967,0.06021634411993925,0.5505360051541772,-0.15375046707944806,2.1178671819470343,0.2710913993451635,-0.04275936716134198,0.3255840287781533,girl,0,1
546,2,0.2491416114098363,-0.14084996828352986,1.2937188515204414,0.5114432540401569,-0.34818557534763783,0.71693169694496,-0.38186062129641496,-0.6433008050090196,girl,0,1
547,1,0.6091113417742269,0.29784016786949363,-1.0709538414631259,-0.3235134479901805,0.03850708454037291,-0.6998496932055039,-0.4058810407569861,0.6282401510620688,girl,0,1
547,2,0.5391172275367065,0.8644815937338155,-0.9358296875783508,-0.15894729302569496,-0.563023192638046,-0.1995178036768437,-1.2947867144880911,,girl,0,1
548,1,-0.040834004717033884,-1.082205885445226,-0.6655813798088003,-0.4880796029546661,0.2568643164491421,-0.2193329280146125,-0.6553280291679789,0.2706869755715245,girl,0,1
548,2,-0.18082223319207466,-1.018230240589577,-0.530457225924025,-0.4880796029546661,1.6628245056670248,0.25623005609183697,-0.4109674970049743,0.15872588021589926,girl,0,1
548,3,0.0591575870508524,0.023658832773853958,0.07760146655746374,-0.21957692906524226,0.4179777601686183,0.776377069958266,-0.4781675296736654,-1.156877184349984,girl,0,1
549,1,-1.460714607821019,-2.2886037598660405,-1.2736400722902892,-0.9973685456868634,2.029087112351468,-0.23914805235238126,-0.4761738223456303,0.7315332906482266,girl,0,1
549,2,-1.1907373100477259,-1.8499136237130167,-0.4628951489816374,0.0853035264479101,0.5875594838027515,0.23641493175406825,-0.8622064464703445,-0.6408930395175007,girl,0,1
549,3,-0.170823074015286,-0.4698675703982974,-0.3277709950968621,-0.0983176569861476,-0.8600265274868898,0.6327174185094427,-2.2612321708171725,,girl,0,1
550,1,-1.540707881235328,-0.19568623530265775,-1.1385159184055138,-0.9436680109089788,-0.3958941027905645,-0.5462824795877964,-1.5766960964850585,0.15029870099558354,girl,0,1
550,2,-0.7807717837993923,-0.3419162806869989,-0.8007055336935757,-0.4586309225926002,0.12483516856335206,-0.07071949548134701,-0.6898404377157299,-0.5388037826771028,girl,0,1
550,3,-0.5007953268493107,0.3618158127251429,-0.2602089181544745,-0.2854033910510364,0.6120723491335389,0.4395199562161977,0.07550751837512124,-0.8886521085947873,girl,0,1
551,1,-1.3107272201691895,-1.7219623340017185,-0.9358296875783508,-0.7669759287365836,-0.3547234506418968,5.210011140534018,-0.6670108204353971,0.810507998770044,girl,0,1
551,2,-0.3508079391974813,-0.7897457946765437,0.0100393896150761,-0.7399591808552257,-0.7466143587228486,-0.3134547686190139,-1.385108329945404,0.3015063738629651,girl,0,1
551,3,-0.23081802907601776,-0.7531882833304584,0.21272562044223906,-0.4517018213309375,-0.05662339183537536,0.043217469460823166,-1.5316270493447215,,girl,0,1
552,1,-0.520793645202888,0.06021634411993925,-0.4628951489816374,-0.4568986472771847,0.7139110028341032,-0.3580387983789936,0.706330281053609,0.15029870099558354,girl,0,1
552,2,-0.4008037350814245,-0.040316812081795286,0.2802876973846267,-0.3573106538797081,-0.3252421303314869,0.10761662355857153,-1.011646906420475,0.5629897062419092,girl,0,1
552,3,0.00916179116690926,0.2612826565234083,0.1451635434998514,0.18404321942660126,-0.15015222001315487,0.5088728913983882,0.2128939737687217,-0.5859959863108718,girl,0,1
553,1,0.3191357256473567,1.476819908780744,0.7532222359813402,0.7834104785604117,-1.2471782496167314,1.5144904515401514,-1.021844844531448,-0.7278133737613304,girl,0,1
553,2,1.4990365085084147,1.7510012438763838,1.0910326206932783,1.1610464973210208,-1.7769084928106695,2.019776122153253,0.4322914549729636,,girl,0,1
554,1,-0.08083064142418839,-0.8811395730417568,-0.8682676106359632,-1.1272891943430359,0.3915919791052585,-0.7989253148943478,-0.5976648412807777,0.8897234834410129,girl,0,1
554,2,-1.2407331059316689,-0.515564459580904,-0.4628951489816374,-0.7808341312599086,0.2557992294341808,-0.3332698929567827,-0.35331890739318755,,girl,0,1
555,1,-0.9507574898047988,-0.3327769028504776,-0.5980193028664127,-0.6093388750337607,0.5012994512569853,-0.5760051660944495,-1.3545061737408182,0.778725494281995,girl,0,1
556,1,-0.87076421639049,-0.14084996828352986,-0.8682676106359632,-0.2923324923126991,-0.3239918399483777,-0.5710513850100073,-0.00448894542832097,0.6773585670890532,girl,0,1
556,2,-0.11082811895455426,0.06021634411993925,-0.3277709950968621,-0.022097543107859715,-0.6048648692346225,-0.09053461981911574,-0.6883889520459469,-0.2737088020608806,girl,0,1
556,3,0.3991289990616657,0.5811608808016546,-0.1250847642696992,0.4664040958393504,-0.419303136945924,0.3206292101895853,-0.6092996667861192,,girl,0,1
557,1,0.4891214316527634,0.4623489689268774,0.07760146655746374,0.5322305578251443,-0.6826002977908894,0.5881333887494632,0.1769029684682763,,girl,0,1
557,2,1.2290592107351217,1.0107116391181568,0.21272562044223906,0.4594749945776877,-1.1765575002902218,1.0686501539403548,0.27629845482964777,-1.8601854844226309,girl,0,1
557,3,2.0589894224085783,1.3671473747424885,0.4154118512694019,0.6725448583738113,-1.6533999865020397,1.2123098053891779,0.044705157250564974,,girl,0,1
558,1,-1.0207516040423192,0.5811608808016546,1.5639671592899917,1.339470854808832,-1.573728200300366,1.7621795057622605,0.3011050956946844,,girl,0,1
559,1,-0.1608239148384974,0.06935572195646057,0.8883463898661155,0.07317759924000035,-0.7907534307510982,1.2965240838246952,-0.2363304136894493,-1.2324810207836747,girl,0,1
560,1,0.6091113417742269,0.7273909261859958,0.5505360051541772,1.034590399295679,-1.4089943911390914,0.9844358755048376,0.4883676017758192,-0.3830213553758352,girl,0,1
560,2,1.6290255778066671,0.7822271932051237,1.0910326206932783,1.3931713895867164,-1.6465664732518446,1.4649526406957292,-0.7987122902890159,-0.2941748087387908,girl,0,1
561,1,-0.2808138249599609,-0.9085577065513208,0.8207843129237278,0.566876064133457,-0.9673949098949308,1.4996291082868247,-1.7944460580353796,,girl,0,1
561,2,0.7690978886028449,1.0107116391181568,0.9896895052796968,1.2459279877763871,-1.2459981779988187,1.980145873477716,-0.0980680617709798,,girl,0,1
562,1,2.048990263231789,-0.058595567754837936,0.4829739282117896,3.3489102206909718,-1.4074002852095064,1.321292989246906,0.06026483337448633,-0.2729864724134253,girl,0,1
563,1,0.5591155458902838,-1.0639271297721833,-0.7331434567511881,-0.7652436534211681,0.7433872849775047,-0.9574463095964976,-0.7354558774501513,-0.18221371338316555,girl,0,1
563,2,1.5090356676852033,0.1241919889755885,-0.530457225924025,0.3382157224985931,-0.13314454173241774,-0.4472068578989528,0.13704967658674222,,girl,0,1
564,1,0.5691147050670724,2.0343219568085447,1.2261567745780535,0.5408919344022225,-1.7877882892584072,2.0445450275754644,-0.5724244230891391,-2.2507250471469837,girl,0,1
565,1,0.8490911620171541,-0.14084996828352986,0.5505360051541772,0.2827829124052929,-1.1129381235887743,1.6779652273267434,-0.8517853632923215,-0.4860737184128407,girl,0,1
565,2,1.1390667781440242,1.6504680876746491,0.8883463898661155,0.17018501690327645,-1.5282793137076347,2.1733433357709613,0.7471428881766662,-1.105351002831481,girl,0,1
566,1,-0.4507995309653676,1.4859592866172655,-1.1722969568767077,-0.7340626977436866,1.8186527646500734,0.058078812714149726,1.1459719434361315,-0.897079287815103,girl,0,1
566,2,0.4791222724759747,2.335921425413748,-0.7331434567511881,-0.3910721852913902,-0.3730329930979975,0.5485031400739258,-1.16613002779235,,girl,0,1
567,1,-2.1906532277265893,-0.3876131698696055,-1.0033917645207386,-0.7531177262132586,-0.2392032923958596,0.2859527425984901,0.13828844452905642,-0.004520620109076739,girl,0,1
567,2,-0.2208188698992292,0.25214327868688696,0.21272562044223906,-0.08272717914740678,-0.969375341165882,0.8011459753804769,-1.3455616018475738,,girl,0,1
568,1,0.8890877987243084,0.7639484375320809,0.1451635434998514,-0.025562093738690797,-1.2501475043232035,1.2866165216558108,-1.2268067168186838,-0.004520620109076739,girl,0,1
569,1,2.8189255198445133,1.4128442639250949,0.6180980820965649,1.5508084432895393,-1.6356761955354313,2.4309399521619546,0.8826461660417995,-1.6651564796096068,girl,0,1
569,2,3.2388902052696364,2.2262488913754925,1.0910326206932783,1.3377385794934158,-1.4913727775290009,2.8767802497617514,0.6112725679582547,-1.9788883231545091,girl,0,1
570,1,0.15914917881873866,-0.4515888147252548,0.21272562044223906,0.8024655070299841,-0.8454473025979468,0.8704989105626676,-0.2436066112496102,-1.3047139855292391,girl,0,1
571,1,-1.3007280609924008,0.25214327868688696,-0.8007055336935757,0.08010670050166299,-0.14375184044221942,-0.22428670909905465,-0.5378494505038981,-0.2934524790913351,girl,0,1
572,1,-0.10082895977776564,-0.8445820616956716,-1.0709538414631259,-1.1498087734434397,0.7218494001808743,-0.7989253148943478,0.6385338045608409,1.1235175126674906,girl,0,1
572,2,0.7990953661332109,0.6725546591668677,-0.6655813798088003,-1.0978405139809706,0.3667845469458123,-0.32831611187234044,-0.4049634348737899,0.7178090273465695,girl,0,1
573,1,-0.020835686363456618,-1.1004846411182685,-0.8344865721647694,-0.4378436188076125,-0.3641253875236248,0.1175241857274559,-0.38150400628271824,-1.2806363306140511,girl,0,1
573,2,1.0390751863761378,0.22472514517732306,-0.6655813798088003,-0.5972129478258512,2.5337225655018,0.5683182644116944,-0.2989007075838334,-0.6960308692732817,girl,0,1
574,1,1.409044075917317,-0.3967525477061268,-0.8682676106359632,-0.7479209002670116,0.0009081999848114561,-0.5660976039255652,-1.1839649494130136,-0.31415926231839697,girl,0,1
574,2,0.6391088193045927,-0.14084996828352986,-0.5980193028664127,-0.5002055301625755,0.7267964933020411,-0.10044218198800013,-1.1866906559796888,0.13994530938205246,girl,0,1
575,1,0.03915926869727514,-1.950446779914752,-1.1385159184055138,-1.295319899938353,-0.7792354671398477,-0.9029547176676336,-0.26996066930858226,-0.9471608100386948,girl,0,1
575,2,0.15914917881873866,-1.4477809989060788,-0.9358296875783508,-0.8916997514465096,-0.7261907963836937,-0.45216063898339504,-0.052817578921919406,0.26707532733424616,girl,0,1
576,1,0.3691315215312999,0.06021634411993925,-0.057522687327311535,-0.3858753593451433,0.3018790460264255,0.21659980741629956,-0.9009440130166292,,girl,0,1
577,1,1.0690726639065038,0.791366571041645,-1.0709538414631259,-0.8986288527081722,1.322232617246864,0.013494782954170104,0.0196315764922356,-0.22121951434577053,girl,0,1
577,2,1.199061733204756,0.8096453267146876,-0.4628951489816374,-0.2698129132122956,1.3570360625301836,0.4593350805539665,-0.4758484893506791,-0.434547536894338,girl,0,1
579,1,-0.11082811895455426,-0.3693344141965629,-0.5980193028664127,-1.0060299222639415,-0.30711124538143897,-0.343177455125667,0.4186942041583323,0.3289549004662797,girl,0,1
579,2,0.2091449747026818,-0.06773494559135926,-0.3953330720392498,-0.5487092389942134,-0.34576630239657685,-0.0211816846369252,0.09563228376794178,-0.3416077889217115,girl,0,1
581,1,0.8190936844867881,-0.14084996828352986,-0.2602089181544745,-0.12083723608655085,0.536779844428262,0.3998897075406602,0.039049368261411616,-1.4207682822204466,girl,0,1
582,1,0.9590819129618288,0.2155857673408017,0.8883463898661155,1.2580539149842964,-0.9757306135341364,1.6977803516645116,-0.7792757293085922,,girl,0,1
583,1,0.1991458155258932,0.279561412196451,1.4288430054052166,1.4641946775187575,2.1976547739239534,1.3262467703313483,-0.08270859056702896,,girl,0,1
