id,season,sequence,gender,rsos,tsos,grip,ptiso,Biodex,MatLab,ntxc,matu,mvh,age,Exclusion,NoSOS,NoGrip,Noptiso,Nontx,Nomvh,T
100,spring,1,boy,3828,3601,,113.9280558,129.1,113.9280558,711.8481598,-1.67,105.71,11.75,none,,Not taken sequence 1,,,,
100,spring,3,boy,3898,3629,27,136.0237576,138.7,136.0237576,760.0939446,-0.71,93.62,12.71,none,,,,,,
100,spring,5,boy,3851,3677,37,177.0530808,178,177.0530808,543.7346348,0.41,98.14,13.83,none,,,,,,
100,spring,7,boy,3952,3740,40.5,205.8,205.8,205.8,454.3643375,1.17,88.14,14.74,none,,,,,,
101,spring,1,boy,3682,3603,,133.0487938,139.1,133.0487938,937.996794,-1.63,89.29,11.45,none,,Not taken sequence 1,,,,
102,spring,1,boy,3935,3916,,171.3602831,186.7,171.3602831,435.4309992,-1.24,86.57,12.29,none,,Not taken sequence 1,,,,
102,spring,3,boy,3899,3863,27,,183.1,,650.3945529,-0.27,68.71,13.26,none,,,ask Bareket,,,
102,spring,5,boy,3878,3908,42,210.9970921,218.6,210.9970921,906.0640833,0.77,59.14,14.3,none,,,,,,
102,spring,7,boy,3951,4015,42,258.5,258.5,258.5,,2.08,60.71,15.38,none,,,,not analyzed,,
103,spring,1,boy,3768,3686,,146.6002799,150.1,146.6002799,737.0747741,-1.91,120.57,11.83,none,,Not taken sequence 1,,,,
103,spring,3,boy,3790,3750,22,192.3731709,192.7,192.3731709,967.4566688,-0.96,82,12.77,none,,,,,,
103,spring,7,boy,3886,3882,32.5,235.3,235.3,235.3,250.120527,1.11,,14.9,none,,,,,not analyzed,
104,spring,1,boy,3635,3536,,170.1499211,182.7,170.1499211,600.270276,-0.19,67,13.4,none,,Not taken sequence 1,,,,
104,spring,3,boy,3692,3578,32,186.8131273,201.1,186.8131273,,0.7,,14.29,none,,,,no sample,not analyzed,
105,spring,1,boy,3859,3619,,,102.9,,,-2.83,123.86,11.34,none,,Not taken sequence 1,ask Bareket,no sample,,
105,spring,3,boy,3924,3627,20,114.0012687,119.1,114.0012687,369.7449163,-1.94,128.68,12.24,none,,,,,,
105,fall,6,boy,3889,3654,27,164.8521544,170.9,164.8521544,370.8153213,-0.32,,13.85,none,,,,,not analyzed,
106,spring,1,boy,3829,3601,,84.77218517,85.2,84.77218517,495.8462677,-2.54,,11.64,none,,Not taken sequence 1,,,not analyzed,
106,spring,3,boy,3812,3651,17.5,,115.9,,549.3035136,-1.59,58.43,12.59,none,,,ask Bareket,,,
106,spring,5,boy,3749,3662,24,140.673929,146,140.673929,400.0745058,-0.53,69,13.65,none,,,,,,
107,spring,1,boy,3821,3858,,91.98529541,95.9,91.98529541,539.4396844,-3.56,,10.23,none,,Not taken sequence 1,,,not analyzed,
107,spring,3,boy,3935,3759,25,98.43318714,102.6,98.43318714,405.7984488,-2.62,134.29,11.17,none,,,,,,
107,spring,5,boy,3888,3764,25.5,149.6010439,153.4,149.6010439,391.4064033,-1.5,,12.29,none,,,,,not analyzed,
107,spring,7,boy,3895,3768,27.5,170.3,170.3,170.3,,-0.76,87.33,13.11,none,,,,not analyzed,,
108,spring,1,boy,3776,3601,,91.30675642,94.1,91.30675642,501.4039488,-2.99,155.96,11.81,none,,Not taken sequence 1,,,,
108,spring,3,boy,3770,3660,18.5,105.6542766,117.4,105.6542766,470.585101,-2.05,96.29,12.74,none,,,,,,
109,spring,1,boy,4019,3764,,177.0866936,184.6,177.0866936,898.8238206,-1.27,141.71,11.96,none,,Not taken sequence 1,,,,
109,spring,3,boy,3850,3689,33.5,248.6178413,254.3,248.6178413,682.9247372,-0.41,163.05,12.82,none,,,,,,
109,spring,5,boy,3886,3717,40,314.5081648,309.8,314.5081648,565.8016818,0.66,89.71,13.89,none,,,,,,
109,spring,7,boy,3927,3842,49,319.7,319.7,319.7,302.256127,1.86,102.29,14.88,none,,,,,,
110,spring,1,boy,3878,3669,,140.8026014,144.3,140.8026014,412.3429133,-1.85,82.29,12.03,none,,Not taken sequence 1,,,,
110,spring,3,boy,3827,3673,18,159.2678258,160.8,159.2678258,429.2399876,-0.85,55.29,13.03,none,,,,,,
110,spring,5,boy,3626,3735,25.5,167.2649965,172.1,167.2649965,,0.18,57.07,14.06,fracture,,,,,,
110,spring,7,boy,3740,3758,35.5,254.3,254.3,254.3,361.4217613,1.35,28.33,14.98,fracture,,,,,,
111,spring,1,boy,3825,3675,,166.2791714,167.5,166.2791714,545.625059,-1.75,,12,none,,Not taken sequence 1,,,not analyzed,
112,spring,1,boy,3833,3520,,134.0792891,139.9,134.0792891,656.1979374,-1.45,133.14,12.08,none,,Not taken sequence 1,,,,
112,spring,3,boy,3753,3548,22.5,161.5106778,176.6,161.5106778,514.7547579,-0.48,151.21,13.04,none,,,,,,
112,spring,5,boy,3825,3536,29.5,221.6432983,226,221.6432983,551.5873435,0.53,96.93,14.06,none,,,,,,
113,spring,1,boy,3597,3599,,107.2270604,110.5,107.2270604,253.3157531,-4.108809035,81.28571429,10.66849315,Type 1 Diabetes,,Not taken sequence 1,,,,
113,spring,3,boy,3616,3580,18,168.0239586,104.8,168.0239586,,-3.175201916,109.2857143,11.60273973,Type 1 Diabetes,,,,not analyzed,,
113,spring,5,boy,3669,3677,24,135.3326415,142.7,135.3326415,,-2.156721424,42.14285714,12.62191781,Type 1 Diabetes,,,,not analyzed,,
113,spring,7,boy,3741,3699,27,168.1,168.1,168.1,,-1.16,,13.60985626,Type 1 Diabetes,,,,not analyzed,not analyzed,
114,spring,1,boy,3800,3596,,160.3986282,162.6,160.3986282,,-1.25,,12.13,none,,Not taken sequence 1,,no sample,not analyzed,lost accel - no data
115,spring,1,boy,3902,3701,,79.49834417,80.7,79.49834417,747.5984506,-3.3,100.86,10.98,none,,Not taken sequence 1,,,,
115,spring,3,boy,3937,3778,18,71.05636121,74.4,71.05636121,370.826358,-2.37,116.67,11.91,none,,,,,,
115,spring,5,boy,3927,3744,25,91.95586954,94.1,91.95586954,820.4274232,-1.3,97.14,12.98,none,,,,,,
116,spring,1,boy,3641,3545,,71.30333685,155.8,71.30333685,785.0746108,-1.38,82.46,13.37,none,,Not taken sequence 1,,,,
117,spring,1,boy,3646,3508,,72.99384587,77.6,72.99384587,677.9540227,-1.86,91.67,12.36,none,,Not taken sequence 1,,,,
117,spring,3,boy,3704,3573,17,109.2717236,110.4,109.2717236,554.4997583,-1,81.76,13.22,none,,,,,,
117,spring,5,boy,3598,3614,22,136.1918342,138.9,136.1918342,1033.59876,0.06,,14.28,none,,,,,not analyzed,
117,spring,7,boy,3647,3704,27,175.9,175.9,175.9,,1.18,,15.27,none,,,,not analyzed,not analyzed,
118,spring,1,boy,3750,3697,,107.7359831,112.1,107.7359831,1194.269471,-1.58,,12.17,none,,Not taken sequence 1,,,not analyzed,
118,spring,3,boy,3622,3654,21,123.7212627,127.9,123.7212627,1044.358562,-0.6,,13.15,none,,,,,not analyzed,
118,spring,5,boy,3554,3754,34,179.283946,203.5,179.283946,451.3678978,0.43,,14.19,none,,,,,not analyzed,
119,spring,1,boy,3875,3635,,151.6205423,159.1,151.6205423,926.6579006,-0.57,91.71,13.5,fracture,,Not taken sequence 1,,,,
119,spring,3,boy,3342,3778,24,169.4064321,181.7,169.4064321,519.9159428,0.41,,14.48,fracture,,,,,not analyzed,
119,spring,5,boy,3494,3828,28.5,190.1081677,193,190.1081677,370.9909259,1.45,,15.52,fracture,,,,,not analyzed,
120,spring,1,boy,3784,3693,,111.9854749,114,111.9854749,529.2291477,-2.88,118.36,11.64,none,,Not taken sequence 1,,,,
120,spring,3,boy,3846,3673,24,,150.2,,1004.046962,-2.06,92.71,12.47,none,,,ask Bareket,,,
120,spring,5,boy,3846,3693,25,148.0571539,151.3,148.0571539,581.2181647,-0.86,,13.66,none,,,,,not analyzed,
120,spring,7,boy,3765,3685,31.5,220.4,220.4,220.4,,0.35,,14.67,none,,,,not analyzed,not analyzed,
121,spring,1,boy,3943,3745,,121.3152841,134.5,121.3152841,597.3762169,-1.71,87.5,11.64,none,,Not taken sequence 1,,,,
121,spring,3,boy,3925,3775,26.5,185.801056,187.4,185.801056,629.9660765,-0.85,,12.5,none,,,,,not analyzed,
121,spring,5,boy,3919,3776,27.5,154.345845,160.8,154.345845,775.9958978,-0.69,,12.66,none,,,,,not analyzed,
121,spring,7,boy,3866,3798,36.5,206,206,206,,0.97,,14.67,none,,,,not analyzed,not analyzed,
122,spring,1,boy,3949,3646,,95.66860926,96.4,95.66860926,461.5912707,-4.72,175.87,9.89,none,,Not taken sequence 1,,,,
122,spring,3,boy,3902,3710,20.5,97.34589015,105.4,97.34589015,404.9523243,-3.83,102.68,10.78,none,,,,,,
122,fall,6,boy,3934,3728,21.5,111.3392284,112.8,111.3392284,293.2632536,-2.33,,12.28,none,,,,,not analyzed,
123,spring,1,boy,3844,3731,,112.5131683,113.5,112.5131683,807.60977,-2.27,,11.68,none,,Not taken sequence 1,,,not analyzed,
124,spring,1,boy,3858,3596,,131.8378751,133.4,131.8378751,760.1872517,-0.86,49.57,12.71,none,,Not taken sequence 1,,,,
124,spring,3,boy,3753,3664,32,160.1761736,167.6,160.1761736,619.6240758,0.13,,13.69,none,,,,,not analyzed,
124,spring,5,boy,3780,3742,34.5,199.3812384,207.7,199.3812384,385.4170419,1.07,,14.64,none,,,,,not analyzed,
125,spring,1,boy,3870,3717,,111.5701543,110.2,111.5701543,578.8290606,-2.48,160.17,12.52,none,,Not taken sequence 1,,,,
125,spring,3,boy,3861,3678,22.5,105.0283937,110.4,105.0283937,304.2574693,-1.5,109,13.5,none,,,,,,
125,fall,6,boy,3872,3586,23,123.6161505,144.3,123.6161505,621.3712592,-0.19,66.29,14.81,none,,,,,,
126,fall,2,boy,3558,3570,15,,182,,265.7480259,0.33,67.57,13.67,none,,,ask Bareket,,,
126,fall,4,boy,4002,3748,29.5,191.7105921,205.2,191.7105921,159.2425119,1.35,60.29,14.7,none,,,,,,
126,fall,6,boy,4074,3851,42.5,265.5264289,269.7,265.5264289,130.1589182,2.46,42.14,15.81,none,,,,,,
127,fall,2,boy,,,26,134.9927715,138.6,134.9927715,278.1872429,-2.59,92.14,9.89,none,adiposity,,,,,
127,fall,4,boy,,,29,163.9892893,173.6,163.9892893,537.5418498,-1.56,53.71,10.92,none,adiposity,,,,,
127,fall,6,boy,3874,3561,32,209.8801655,212.6,209.8801655,376.0765343,-0.58,82,11.9,none,,,,,,
128,fall,2,boy,3857,3485,20,85.64798848,99.1,85.64798848,427.1135116,-2.29,109.86,10.72,none,,,,,,
128,fall,4,boy,3696,3520,23.5,132.2669444,132.6,132.2669444,,-1.283816267,81.10714286,11.73972603,Type 1 Diabetes,,Not taken sequence 1,,not analyzed,,
128,fall,6,boy,3740,3700.5,30,148.6856402,152.3,148.6856402,,-0.243432968,118.047619,12.78082192,Type 1 Diabetes,,Not taken sequence 1,,not analyzed,,
129,fall,2,boy,3645,3472,14,50.81583323,57.5,50.81583323,456.0161322,-4.69,159.86,8.03,none,,,,,,
129,fall,4,boy,3737,3450,15,72.06412959,74.7,72.06412959,389.7087122,-3.68,95.04,9.04,none,,,,,,
129,fall,6,boy,3771,3569,18,130.6304556,131.5,130.6304556,463.7857621,-2.64,142.14,10.08,none,,,,,,
130,fall,2,boy,3828,3546,22.5,64.16378088,70.9,64.16378088,353.7374823,-3.85,196.1,8.92,none,,,,,,
130,fall,4,boy,3760,3609,23.75,74.89096964,80.8,74.89096964,462.7133607,-2.76,172.14,10.01,none,,,,,,
130,fall,6,boy,3781,3661,26,91.08143681,98.7,91.08143681,519.5699,-1.81,,10.97,none,,,,,not analyzed,
131,fall,2,boy,3841,3722,22,96.95586722,104.3,96.95586722,209.1685471,-2.9,,10.34,none,,,,,not analyzed,
131,fall,4,boy,3792,3644,25.5,115.34735,124.9,115.34735,826.1034211,-1.8,94.57,11.43,none,,,,,,
131,fall,6,boy,3845,3706,30,151.5550029,152.7,151.5550029,611.7400475,-0.68,,12.55,none,,,,,not analyzed,
132,fall,2,boy,3688,3683,25,,192.7,,509.0456744,-0.33,101.43,12.77,none,,,ask Bareket,,,
132,fall,4,boy,3820,3799,33.5,,213.4,,307.3216513,0.78,116.29,13.88,none,,,ask Bareket,,,
132,fall,6,boy,3955,3909,42,,217.4,,222.3234016,1.82,,14.92,none,,,ask Bareket,,not analyzed,
133,fall,2,boy,3720,3629,9.5,54.58583762,59.4,54.58583762,406.6034862,-5.3,150.14,8.27,none,,,,,,
133,spring,3,boy,3761,3630,10,49.06888936,51.1,49.06888936,330.1769014,-4.73,188.61,8.84,none,,,,,,
133,fall,6,boy,3874,3649,13,68.75131702,74.3,68.75131702,426.38356,-3.23,114.29,10.33,none,,,,,,
134,fall,2,boy,3952,3725,22.5,,115.4,,330.6547072,-2.02,102.57,12.23,none,,,ask Bareket,,,
134,fall,4,boy,3837,3602,27.5,,146.2,,599.8332198,-0.92,,13.33,none,,,ask Bareket,,not analyzed,
134,fall,6,boy,3899,3652,33,,193.5,,524.7263587,0.13,103.33,14.37,none,,,ask Bareket,,,
135,fall,2,boy,3897,3624,18.5,61.40058957,70.9,61.40058957,428.991415,-4.01,142.43,9.88,none,,,,,,
135,fall,4,boy,3761,3619,19.5,175.7487011,105.6,175.7487011,542.4211996,-2.95,,10.95,none,,,,,not analyzed ,
135,fall,6,boy,3836,3664,23.5,96.26082573,100.5,96.26082573,442.6558866,-2,154.76,11.89,none,,,,,,
136,fall,2,boy,3719,3698,24,100.2767603,105,100.2767603,554.8397651,-1.15,76,12.92,none,,,,,,
136,fall,4,boy,3703,3661,25,120.0942507,118.5,120.0942507,618.4624072,-0.19,36.14,13.88,none,,,,,,
137,fall,2,boy,3712,3606,15,,145.6,,634.9585297,-2.24,211.6,11.02,none,,,ask Bareket,,,
137,fall,4,boy,3641,3604,19,134.589132,140.8,134.589132,908.2702769,-1.32,120.71,11.94,none,,,,,,
137,fall,6,boy,3679,3654,23.5,154.0086993,166.1,154.0086993,647.8350788,-0.19,,13.07,none,,,,,not analyzed,
138,fall,2,boy,,,18,99.0876242,102.1,99.0876242,,-2,,11.18,none,adiposity,,,no sample,not analyzed,accel not worn
138,fall,4,boy,3959,,28.5,148.1236306,157,148.1236306,,-0.95,,12.22,none,adiposity,,,no sample,not analyzed,accel not worn
138,fall,6,boy,3922,,34.5,159.5762393,161.1,159.5762393,,0.03,,13.21,none,adiposity,,,no sample,not analyzed,accel not worn
139,fall,2,boy,3742,3617,20,92.02121629,93.8,92.02121629,,-3.62,,10.39,none,,,,no sample,not analyzed,
139,fall,4,boy,3774,3702,23,90.01162687,99.4,90.01162687,,-2.66,54.21,11.35,none,,,,no sample,,
139,fall,6,boy,3718,3682,27.5,123.4995525,124.5,123.4995525,222.2300912,-1.66,,12.35,none,,,,,not analyzed,
140,fall,2,boy,3746,3555,16.5,63.29444001,64.8,63.29444001,441.0573026,-2.99,190.8,9.72,none,,,,,,
140,fall,4,boy,3809,3530,16.75,,112.7,,914.5273253,-2,99.57,10.72,none,,,ask Bareket,,,
140,fall,6,boy,3798,3604,18.5,114.0500114,124.5,114.0500114,856.6964038,-1.04,93.5,11.68,none,,,,,,
141,fall,2,boy,3542,3529,17,,90.6,,,-3.21,133.64,11.13,fracture,,,ask Bareket,,,
141,fall,4,boy,3605,3490,20.5,136.9432247,142,136.9432247,1175.509994,-2.29,,12.05,fracture,,,,,not analyzed,
141,fall,6,boy,3628,3545,27.5,178.9787548,186.5,178.9787548,,-1.17,,13.17,fracture,,,,no sample,not analyzed,
142,fall,2,boy,3794,3779,27,,139.3,,474.2444162,-1.36,,13.31,none,,,ask Bareket,,not analyzed,
142,fall,4,boy,3755,3798,33,,183.3,,,-0.45,86.07,14.22,none,,,ask Bareket,no sample,,
142,fall,6,boy,3786,3786,41,202.0614843,204.1,202.0614843,,0.64,105.62,15.32,none,,,,no sample,,
143,fall,2,boy,3589,3578,18,61.2358118,61.7,61.2358118,1197.583226,-5.04,,8.07,none,,,,,not analyzed,
143,fall,4,boy,3661,3583,19.5,,93.8,,,-4.14,93.07,8.98,none,,,ask Bareket,no sample,,
143,fall,6,boy,3680,3624,24.5,109.2249246,113.1,109.2249246,338.3895711,-3.04,,10.08,none,,,,,not analyzed,
144,fall,2,boy,3838,3730,23,,170.9,,608.9161026,-0.09,59.25,13.84,none,,,ask Bareket,,,
145,fall,2,boy,3719,3575,20,,86.4,,1114.945309,-4.53,148.25,9,none,,,ask Bareket,,,
145,fall,4,boy,3765,3616,22,,141.4,,346.2131672,-3.6,,9.92,none,,,ask Bareket,,not analyzed,
145,fall,6,boy,3763,3694,24,,128.5,,595.1873053,-2.6,,10.92,none,,,ask Bareket,,not analyzed,
146,fall,2,boy,3844,3728,26,,141.3,,631.3251624,-2.63,114.29,10.79,none,,,ask Bareket,,,
146,fall,4,boy,3765,3661,28,163.0795004,169.6,163.0795004,1004.375512,-1.67,80.19,11.75,none,,,,,,
146,fall,6,boy,3750,3740,35,172.0051324,173.8,172.0051324,1119.59099,-0.7,89,12.72,none,,,,,,
147,fall,2,boy,3649,3622,19,,82.4,,792.7685912,-4.13,126.57,8.65,none,,,ask Bareket,,,
147,fall,4,boy,3640,3661,20.5,119.4320589,116.1,119.4320589,873.1384976,-3.18,118.07,9.6,none,,,,,,
147,fall,6,boy,3699,3738,24,101.1224101,107.1,101.1224101,910.084062,-2.77,143.57,10.01,none,,,,,,
148,spring,3,boy,3740,3587,20,64.57218719,68.9,64.57218719,278.5462354,-3.53,190.29,10.14,none,,,,,,
148,spring,5,boy,3689,3571,22.5,79.37054713,81.9,79.37054713,441.5079276,-2.49,84.29,11.18,none,,,,,,
148,spring,7,boy,3633,3624,30.5,115.7,115.7,115.7,555.4652672,-1.12,53.43,12.33,none,,,,,,
149,spring,3,boy,,3600,16,,69.2,,236.9934718,-4.57,144.67,8.15,none,adiposity,,ask Bareket,,,
149,spring,5,boy,3810,3531,19,,85.2,,436.595108,-3.54,79.43,9.19,none,,,ask Bareket,,,
149,spring,7,boy,3826,,18.5,142.7,121.6,142.7,283.6750651,-2.66,34.11,10.34,none,adiposity,,,,,
150,spring,3,boy,3694,3460,16,82.09856824,83.1,82.09856824,659.6441097,-2.98,195.29,9.76,none,,,,,,
150,spring,5,boy,3767,3512,19,91.27630669,98.4,91.27630669,387.9040019,-2.3,110.43,10.44,none,,,,,,
151,spring,3,boy,3917,3708,23,115.2519932,121.6,115.2519932,211.452569,-2.31,165.89,10.69,none,,,,,,
151,spring,5,boy,3934,3689,25.5,93.334508,107.7,93.334508,529.5378886,-1.41,159.29,11.6,none,,,,,,
151,spring,7,boy,3977,3746,29.5,146.6,146.6,146.6,321.6059589,-0.93,,12.65,none,,,,,not analyzed,
152,spring,3,boy,3971,3660,23,86.5445289,89.4,86.5445289,509.7606538,-2.7,107.21,11.14,none,,,,,,
152,spring,5,boy,3917,3613,28,130.8682369,133.8,130.8682369,321.0944088,-1.79,76,12.05,none,,,,,,
152,spring,7,boy,3957,3656,32.5,110.4,110.4,110.4,348.575366,-0.97,101,13.2,none,,,,,,
153,spring,3,boy,3719,3702,24,117.1683162,120.7,117.1683162,641.5933784,-0.91,143.29,12.68,none,,,,,,
153,spring,5,boy,3747,3692,30,155.5872982,151.3,155.5872982,529.4011679,0.05,96.71,13.64,none,,,,,,
153,spring,7,boy,3854,3840,42,233.9,233.9,233.9,528.3148495,1.26,67.43,14.73,none,,,,,,
154,spring,3,boy,3714,3736,20.5,32.6471653,107.9,32.6471653,859.0905095,-3.6,161,10.16,none,,,,,,
154,spring,5,boy,3733,3640,24,,130.3,,786.9550983,-2.67,,11.09,none,,,ask Bareket,,not analyzed,
155,spring,3,boy,3855,3762,15.5,78.06011157,83.4,78.06011157,553.2603068,-3.49,176.86,9.89,none,,,,,,
155,spring,5,boy,3861,3799,20,80.40786837,88.5,80.40786837,608.6484859,-2.52,118.79,10.86,none,,,,,,
155,spring,7,boy,3876,3874,22.5,97,97,97,422.7512575,-1.93,,11.78,none,,,,,not analyzed,
156,spring,3,boy,3709,3408,17,61.90287736,62,61.90287736,771.2909498,-3.14,86,10.38,none,,,,,,
156,spring,5,boy,3695,3367,20,55.14824573,67.5,55.14824573,676.5437254,-2.29,64,11.23,none,,,,,,
156,spring,7,boy,3732,3410,21,110,99,110,454.7258445,-1.5,,12.26,none,,,,,not analyzed,
157,spring,3,boy,3914,3687,24.5,111.4346772,115.8,111.4346772,409.5853972,-2.01,102.81,11.68,none,,,,,,
157,spring,5,boy,3881,3713,30,131.4894598,129.8,131.4894598,410.2736664,-1.07,,12.62,none,,,,,not analyzed,
158,spring,3,boy,3640,3597,26,,171,,585.1775963,-0.69,102.5,13.23,none,,,ask Bareket,,,
158,spring,5,boy,3683,3635,32,,201.2,,812.9222735,0.25,117.71,14.18,none,,,ask Bareket,,,
159,spring,3,boy,3793,3692,17,75.26784457,76.6,75.26784457,524.0442469,-2.45,125.48,11.35,none,,,,,,
159,spring,5,boy,3810,3635,19,87.78163503,96.3,87.78163503,634.9673588,-1.45,105.29,12.34,none,,,,,,
159,spring,7,boy,3726,3680,24.5,151.1,151.1,151.1,710.7741497,-0.32,104,13.33,none,,,,,,
160,spring,3,boy,3731,3637,17,66.17441896,71.1,66.17441896,1006.532336,-4.28,190.71,8.57,none,,,,,,
160,spring,5,boy,3812,3645,23,83.75149438,81.8,83.75149438,495.9028755,-3.34,181.14,9.51,none,,,,,,
161,spring,3,boy,3875,3678,35,343.8367933,353.8,343.8367933,175.4722051,1.43,,14.31,none,,,,,not analyzed,
161,spring,5,boy,3871,3756,43,311.2183832,350.8,311.2183832,206.718675,2.39,,15.27,none,,,,,not analyzed,
161,spring,7,boy,3979,3841,50.5,353,353,353,126.807431,2.89,,16.31,none,,,,,not analyzed,
162,spring,3,boy,3780,3781,12.5,68.41703477,86.4,68.41703477,399.2907541,-3.5,,10.14,none,,,,,not analyzed,
162,spring,5,boy,3828,3832,15,94.62507786,101.8,94.62507786,355.814,-2.58,,11.06,none,,,,,not analyzed,
162,spring,7,boy,3838,3805,19,133.7,133.7,133.7,397.7845064,-1.53,,12.08,none,,,,,not analyzed,
163,fall,4,boy,3820,3696,27.5,198.4666268,200,198.4666268,415.9498886,-1.48,82,11.84,none,,,,,,
163,fall,6,boy,3837,3726,31.5,194.5572218,198.5,194.5572218,709.1305506,-0.45,93.71,12.87,none,,,,,,
164,fall,4,boy,3753,3584,16,77.2279012,83.1,77.2279012,709.1305506,-4.61,184.55,8.15,none,,,,,,
164,fall,6,boy,3801,3643,17.5,108.986332,110,108.986332,526.7127951,-3.67,157.18,9.09,none,,,,,,
165,fall,4,boy,3744,3679,18.5,139.9468768,138.7,139.9468768,447.9884585,1.69,67.71,16.49,none,,,,,,
165,fall,6,boy,3810,3825,21,120.2471842,158,120.2471842,252.2503659,2.69,,17.49,none,,,,,not analyzed,
167,fall,4,boy,3962,3730,36.5,307.9338612,327.5,307.9338612,,1.86,43,16.18,none,,,,no sample,,
167,fall,6,boy,4046,3821,42.5,284.3222572,290.9,284.3222572,235.2373564,2.71,,17.03,none,,,,,not analyzed,
168,fall,4,boy,3804,3650,9,,44.3,,385.2718656,-4.76,72.36,9.33,none,,,ask Bareket,,,
168,fall,6,boy,3834,3637,13.25,34.430923,70.5,34.430923,294.2609184,-3.74,75.32,10.34,none,,,,,,
169,fall,4,boy,3812,3647,10.5,,59.5,,561.7175411,-4.75,,9.33,none,,,ask Bareket,,not analyzed,
169,fall,6,boy,3868,3610,14,,62,,550.248412,-3.74,136.83,10.34,none,,,ask Bareket,,,
170,fall,4,boy,3812,3628,21,67.19410668,70.9,67.19410668,301.7747074,-2.46,,11.27,none,,,,,not analyzed,
170,fall,6,boy,3836,3644,21.5,92.66696801,93.4,92.66696801,372.5476591,-1.63,161.4,12.1,none,,,,,,
171,fall,4,boy,3943,3634,24.5,129.7223551,140.1,129.7223551,772.3874774,-2.01,98.57,11.17,none,,,,,,
172,fall,4,boy,,,19,85.66420535,89.1,85.66420535,573.8071691,-3.58,131.14,8.45,none,adiposity,,,,,
173,fall,4,boy,3824,3752,14,52.06652437,53.7,52.06652437,653.8605981,-4.79,141.57,8.25,none,,,,,,
173,fall,6,boy,3858,3750,15.5,81.66761692,81.8,81.66761692,573.761016,-3.83,145.43,9.21,none,,,,,,
174,fall,4,boy,3892,3679,15.5,54.76775232,58,54.76775232,447.9779327,-3.8,121.29,9.9,none,,,,,,
174,fall,6,boy,3931,3848,17,81.23904127,91.3,81.23904127,490.8047305,-2.84,182.67,10.86,none,,,,,,
175,fall,4,boy,3849,3719,24.5,,127.2,,827.4716036,-2.26,127.71,11.87,none,,,ask Bareket,,,
175,fall,6,boy,3842,3765,24.5,111.3421123,130.9,111.3421123,341.3721707,-1.37,,12.77,none,,,,,not analyzed,
176,fall,4,boy,3808,3700,25,,102.8,,1041.068527,-2.92,98.29,9.93,none,,,ask Bareket,,,
176,fall,6,boy,3785,3743,26.75,,142,,417.4107065,-2.05,114.17,10.81,none,,,ask Bareket,,,
177,fall,4,boy,3813,3743,21,,55.3,,588.4161357,-4.31,167.38,8.08,none,,,ask Bareket,,,
177,fall,6,boy,3853,3811,22.25,90.25113161,90.2,90.25113161,400.6559206,-3.44,203.67,8.96,none,,,,,,
178,fall,4,boy,3896,3694,23.5,,106.2,,345.6081761,-1.37,91.14,13.88,none,,,ask Bareket,,,
179,fall,4,boy,3817,3698,24.5,,82.3,,531.6945418,-3.13,99.11,10.4,none,,,ask Bareket,,,
180,fall,4,boy,3850,3832,43,,349.6,,,1.31,,13.93,none,,,ask Bareket,no sample,not analyzed,
181,fall,4,boy,3900,3739,41.5,277.2543686,288.6,277.2543686,125.9614071,1.45,69.71,13.56,none,,,,,,
181,fall,6,boy,3968,3760,53,334.5643312,347.9,334.5643312,157.0231034,2.35,,14.47,none,,,,,not analyzed,
182,fall,4,boy,3767,3470,14,59.2090517,65.1,59.2090517,,-3.44,73.43,9.8,none,,,,no sample,,
183,spring,5,boy,3788,3535,26.5,154.8357426,153,154.8357426,620.1732215,-1.2,122.86,11.87,none,,,,,,
184,spring,5,boy,3678,3625,13,,57.5,,523.0319403,-4.77,137,8.53,none,,,ask Bareket,,,
186,spring,5,boy,3716,3690,18,,57.5,,704.7595399,-4.22,207.29,7.5,none,,,ask Bareket,,,
186,spring,7,boy,3773,3790,20,68.7,68.7,68.7,515.4319901,-3.63,235,8.41,none,,,,,,
187,spring,5,boy,3857,3586,40,210.9900374,226,210.9900374,331.4542862,0.72,,14.25,none,,,,,not analyzed,
188,spring,5,boy,3660,3607,30,196.1272892,194.6,196.1272892,469.0329874,-0.33,70.57,12.56,none,,,,,,
188,spring,7,boy,3778,3710,36.5,195,190,195,319.42139,0.54,,13.52,none,,,,,not analyzed,
189,spring,5,boy,3722,3702,34.5,187.3836176,185.1,187.3836176,645.4754255,1.35,,15.46,none,,,,,not analyzed,
189,spring,7,boy,3686,3767,41,279.2,279.2,279.2,223.2763902,2.61,,16.44,none,,,,,not analyzed,
190,spring,5,boy,3930,3740,28.5,86.33243344,92.9,86.33243344,311.4483249,-2.05,75.43,12.18,none,,,,,,
190,spring,7,boy,3809,3766,28.5,121.6,121.6,121.6,1360.153499,-1.34,,13.09,none,,,,,not analyzed,
191,spring,5,boy,3688,3545,16.5,60.24767172,65.9,60.24767172,637.4950302,-4.04,185.57,8.21,none,,,,,,
191,spring,7,boy,3704,3485,19,83.5,70.8,83.5,732.4720884,-3.41,,9.09,none,,,,,not analyzed,
192,spring,5,boy,3835,3823,47,136.3968263,281.1,136.3968263,237.7615623,1.86,,15.43,none,,,,,not analyzed,
192,spring,7,boy,3970,3842,,,,,,2.79,,16.42,none,,Not taken ,not taken,no sample,not analyzed,missing data du eto missed apt
193,fall,6,boy,3718,3828,21.5,,91.9,,290.579131,-4.13,195.83,8.21,none,,,ask Bareket,,,
195,fall,6,boy,3746,3535,18,82.6939463,82.2,82.6939463,145.8835016,-3.61,,8.62,none,,,,,not analyzed,
196,fall,6,boy,3849,3716,25,109.8464635,122.3,109.8464635,634.2114034,-0.38,119,13.89,none,,,,,,
197,fall,6,boy,3725,3621,19.5,79.55501548,81.8,79.55501548,612.9324174,-3.95,194.5,8.7,none,,,,,,
198,fall,6,boy,3723,3625,12.5,,96.8,,481.5290354,-4.08,173.5,8.34,none,,,ask Bareket,,,
199,fall,6,boy,3727,3618,16,167.4984222,85.7,167.4984222,614.5060214,-4.23,,8.46,none,,,,,not analyzed,
200,fall,6,boy,3712,3658,16,263.6924812,178,263.6924812,553.0320457,-2.89,,10.5,none,,,,,not analyzed,
500,spring,1,girl,3749,3669,,105.9490456,108.2,105.9490456,1271.974364,0.27,99.29,12.19,none,,Not taken sequence 1,,,,
500,spring,3,girl,3957,3814,26,117.0129061,114.9,117.0129061,495.6129404,1.23,47.21,13.16,none,,,,,,
500,spring,5,girl,4034,3870,29.5,124.2509413,130.2,124.2509413,106.9691952,2.39,38.14,14.31,none,,,,,,
500,spring,7,girl,4126,3966,36,170,170.3,170,,2.88,45.29,15.23,none,,,,not analyzed,,
501,spring,1,girl,3814,3443,,71.30333685,73.6,71.30333685,525.9522511,-2.42,157.43,9.98,none,,Not taken sequence 1,,,,
501,spring,3,girl,3907,3692,16,93.0438376,91.8,93.0438376,768.8658562,-1.3,141.71,11.11,none,,,,,,
501,fall,6,girl,3934,3723,18,120.0884446,121.2,120.0884446,656.0729144,0.09,91,12.49,none,,,,,,
502,spring,1,girl,3770,3759,,,79.1,,611.4164828,-1.45,122.71,10.85,none,,Not taken sequence 1,ask Bareket,,,
502,spring,3,girl,3834,3764,16.5,,94.5,,456.4925681,-0.52,98.71,11.78,none,,,ask Bareket,,,
502,spring,5,girl,3804,3799,20.5,114.4484873,119.1,114.4484873,,0.6,,12.9,none,,,,no sample,not analyzed,
502,spring,7,girl,3860,3818,23.5,138,138.2,138,,1.66,,13.95,none,,,,no sample ,not analyzed,
503,spring,1,girl,3811,3804,,,70.9,,1179.435854,-2,154.57,10.23,none,,Not taken sequence 1,ask Bareket,,,
503,spring,3,girl,3729,3812,14.5,,68.3,,513.239957,-1.01,185.71,11.23,none,,,ask Bareket,,,
503,spring,5,girl,3822,3827,15,95.34712801,119.2,95.34712801,479.0257855,-0.02,82.71,12.21,none,,,,,,
503,spring,7,girl,3902,3871,21,113,110.2,113,782.6897434,1.04,,13.2,none,,,,,not analyzed,
504,spring,1,girl,3768,3488,,124.9395297,127.7,124.9395297,751.902248,-0.22,134.14,11.23,none,,Not taken sequence 1,,,,
504,spring,3,girl,3710,3593,19.5,169.4687445,195.9,169.4687445,613.6453398,0.77,104.14,12.21,none,,,,,,
504,spring,5,girl,3740,3625,23,178.5698146,201.4,178.5698146,815.3581735,1.83,100.14,13.27,none,,,,,,
504,spring,7,girl,3821,3695,29.5,222,221.8,222,,2.82,62,14.32,none,,,,not analyzed,,
505,spring,1,girl,3870,3575,,59.02846885,59.7,59.02846885,649.6120789,-2.07,74.29,10.41,none,,Not taken sequence 1,,,,
505,spring,3,girl,3831,3681,14,62.2073979,68.2,62.2073979,468.2866425,-1.15,,11.33,none,,,,,not analyzed,
506,spring,1,girl,3831,3627,,76.0381865,80.1,76.0381865,576.2059613,-1.96,143.43,10.06,none,,Not taken sequence 1,,,,
506,spring,3,girl,3828,3654,18,74.99188019,78.1,74.99188019,484.6869126,-1,80.43,11.02,none,,,,,,
506,spring,5,girl,3879,3691,22,91.55990356,94.1,91.55990356,602.7899349,0.09,49.86,12.11,none,,,,,,
507,spring,1,girl,3789,3541,,72.79710676,73.6,72.79710676,781.991842,-2.58,,8.18,none,,Not taken sequence 1,,,not analyzed,
507,spring,3,girl,3788,3491,14,63.4888597,73.1,63.4888597,608.7274436,-1.63,83.48,9.14,none,,,,,,
508,spring,1,girl,3839,3645,,97.15807667,99.9,97.15807667,765.7952112,-1.62,86.71,9.84,none,,Not taken sequence 1,,,,
508,spring,3,girl,3862,3747,20,,144.7,,558.9674063,-0.68,105.57,10.79,none,,,ask Bareket,,,
508,spring,7,girl,3893,3938,25.75,222,207.7,222,222.2949508,1.11,,12.92,none,,,,,not analyzed,
509,spring,1,girl,3685,3613,,57.76857622,59.7,57.76857622,869.2344649,-3.39,,8.02,none,,Not taken sequence 1,,,not analyzed,
509,spring,3,girl,3808,3638,16,96.17788867,94.1,96.17788867,706.2002778,-2.33,208.46,9.08,none,,,,,,
509,fall,6,girl,3859,3648,22,114.2095291,115.9,114.2095291,916.4492369,-0.92,,10.5,none,,,,,not analyzed,
510,spring,1,girl,3738,3615,,89.46912321,102.1,89.46912321,787.8417731,-0.95,211,10.25,none,,Not taken sequence 1,,,,
510,spring,3,girl,3836,3652,24.5,104.0640727,108.1,104.0640727,643.9124863,0.11,141.57,11.31,none,,,,,,
510,fall,6,girl,3965,3744,36.5,156.9245705,160.7,156.9245705,386.4141915,1.52,97.29,12.73,none,,,,,,
511,spring,1,girl,3696,3514,,,41.2,,1472.220069,-3.93,163.14,8.21,none,,Not taken sequence 1,ask Bareket,,,
511,spring,3,girl,3762,3588,15,56.36118255,72.8,56.36118255,978.0575199,-2.75,134.14,9.38,none,,,,,,
511,fall,6,girl,3871,3662,19.5,99.15642221,97,99.15642221,794.1523826,-1.37,106.43,10.77,none,,,,,,
512,spring,1,girl,3762,3698,,99.5024078,114.2,99.5024078,496.8936471,-0.23,121.6,11.64,none,,Not taken sequence 1,,,,
512,spring,3,girl,3808,3711,21.5,181.840036,174.7,181.840036,352.5633078,0.71,50.57,12.58,none,,,,,,
512,spring,5,girl,3824,3767,29.5,80.95115252,135,80.95115252,129.5898014,1.74,,13.6,none,,,,,not analyzed,
512,spring,7,girl,3918,3835,33,153,152.7,153,,1.85,62.71,14.6,none,,,,not analyzed,,
513,spring,1,girl,3662,3520,,79.34401945,84.8,79.34401945,114.3326421,-2.25,148.5,9.81,none,,Not taken sequence 1,,,,
513,spring,3,girl,3758,3571,11.5,81.42885457,85,81.42885457,389.129183,-1.32,98.38,10.75,none,,,,,,
514,spring,1,girl,3657,3381,,84.23545682,85,84.23545682,553.6832231,-1.75,130.14,9.75,none,,Not taken sequence 1,,,,
514,spring,3,girl,3590,3491,16,117.2011541,150.2,117.2011541,915.2166262,-0.92,139.29,10.58,none,,,,,,
514,spring,5,girl,3603,3656,20,170.5297176,184,170.5297176,457.4166678,0.13,180.14,11.63,none,,,,,,
514,spring,7,girl,3859,3741,26,222,221.7,222,,0.97,,12.65,none,,,,not analyzed,not analyzed,
515,spring,1,girl,3953,3841,,60.98991103,62.9,60.98991103,678.7101548,-1.03,,11.31,none,,Not taken sequence 1,,,not analyzed,
515,spring,3,girl,3809,3681,19,84.6351664,86.1,84.6351664,431.6035852,0,92.14,12.33,none,,,,,,
515,spring,5,girl,3886,3763,24,115.2585432,124.5,115.2585432,239.9739971,0.97,36.29,13.3,none,,,,,,
515,spring,7,girl,3943,3785,28.5,134,133.6,134,,1.78,53.29,14.22,none,,,,not analyzed,,
516,spring,1,girl,3733,3535,,54.98693439,57.4,54.98693439,1754.324517,-3.63,171.86,8.93,none,,Not taken sequence 1,,,,
516,spring,3,girl,3699,3580,15.5,64.49560248,65,64.49560248,835.1120472,-2.6,96.39,9.96,none,,,,,,
516,spring,5,girl,3729,3612,17,77.93675142,80.8,77.93675142,650.1215837,-1.71,114.14,10.85,none,,,,,,
516,spring,7,girl,3776,3664,21,110,110.4,110,,-0.15,94.14,11.87,none,,,,not analyzed,,
517,spring,1,girl,3851,3802,,181.3095591,180.5,181.3095591,311.6801681,0.44,126.57,11.62,none,,Not taken sequence 1,,,,
517,spring,3,girl,3988,3834,25,191.8714864,202,191.8714864,80.16615736,1.45,,12.64,none,,,,,not analyzed,
517,spring,5,girl,4014,3851,26.25,168.1387667,169.2,168.1387667,56.30832736,2.47,,13.66,none,,,,,not analyzed,
517,spring,7,girl,4037,3900,25.5,161,160.8,161,,2.23,,14.67,none,,,,not analyzed,not analyzed,
518,spring,1,girl,3683,3705,,142.4950593,147,142.4950593,1654.743769,0.41,60.14,12.07,none,,Not taken sequence 1,,,,
518,spring,3,girl,3874,3772,18,164.3296,174.7,164.3296,531.1633633,1.37,85.31,13.03,none,,,,,,
518,spring,5,girl,3920,3875,20.75,208.4931334,229.6,208.4931334,253.2961257,2.43,,14.09,none,,,,,not analyzed,
518,spring,7,girl,4021,3917,23,183,183.3,183,,2.71,,15.11,none,,,,no sample,not analyzed,
519,fall,2,girl,3723,3608,14.5,120.6845296,121.9,120.6845296,459.5671388,-0.11,71.43,12.25,none,,,,,,
519,fall,4,girl,3835,3643,19,140.2130228,140.9,140.2130228,219.7051154,0.92,69.14,13.28,none,,,,,,
519,fall,6,girl,3908,3757,23.5,134.109453,138.2,134.109453,123.5691243,2.03,,14.38,none,,,,,not analyzed,
520,fall,2,girl,3852,3837,15,77.5688595,79.7,77.5688595,478.2090559,-2.22,119.21,9.76,none,,,,,,
520,fall,4,girl,3829,3880,19,167.358902,102,167.358902,470.4078755,-1.17,96.14,10.81,none,,,,,,
520,fall,6,girl,3912,3962,20,118.0143873,121.2,118.0143873,695.1513675,-0.06,,11.92,none,,,,,not analyzed,
521,fall,2,girl,3877,3757,22,71.29234407,80.1,71.29234407,749.7682621,-0.56,82,12.01,none,,,,,,
521,fall,4,girl,3821,3758,22,100.2643527,111.3,100.2643527,844.1120388,0.49,86.42,13.05,none,,,,,,
521,fall,6,girl,3883,3860,28,117.8024171,121.6,117.8024171,601.0235649,1.44,65.29,14,none,,,,,,
522,fall,2,girl,3783,3576,20,75.62482179,88.1,75.62482179,1380.906639,-0.1,41.14,12.7,none,,,,,,
523,fall,2,girl,3723,3640,12,,59.7,,588.7484091,-3.73,68.04,8.69,none,,,ask Bareket,,,
523,fall,4,girl,3772,3701,14,,57.8,,432.4468529,-2.68,99.74,9.74,none,,,,,,
523,fall,6,girl,3844,3729,15,80.20886231,90.6,80.20886231,760.5206305,-1.73,,10.69,none,,,,,not analyzed,
524,fall,2,girl,3737,3606,21.5,92.05832747,95.9,92.05832747,989.2034004,-1.4,183.86,9.64,none,,,,,,
524,fall,4,girl,3793,3624,22,140.6231566,146.3,140.6231566,774.4499511,-0.48,196.29,10.56,none,,,,,,
524,fall,6,girl,3822,3658,29,199.2734517,212.6,199.2734517,638.301415,0.65,,11.69,none,,,,,not analyzed,
525,fall,2,girl,,,11,,68.1,,950.392993,-1.63,,8.31,none,adiposity,,ask Bareket,,not analyzed,
525,fall,4,girl,,,19.5,,91.4,,,-0.59,71.36,9.35,none,adiposity,,ask Bareket,no sample,,
525,fall,6,girl,3906,,23,151.7323981,156.9,151.7323981,,0.4,,10.34,none,adiposity,,,no sample,not analyzed,
526,fall,2,girl,3877,3699,16.5,92.75830139,97.5,92.75830139,316.782313,0.42,48.43,11.7,none,,,,,,
526,fall,4,girl,3974,3763,20.5,125.7172831,132.8,125.7172831,980.707966,1.33,46,12.62,none,,,,,,
526,fall,6,girl,4103,3914,23.5,151.7645817,152.7,151.7645817,281.6974428,2.51,,13.8,none,,,,,not analyzed,
527,fall,2,girl,3833,3846,18.5,87.1909829,93.3,87.1909829,533.5892883,-0.39,110.14,10.86,none,,,,,,
527,fall,4,girl,3875,3842,23,135.9569627,141.7,135.9569627,667.6022435,0.62,76.14,11.87,none,,,,,,
527,fall,6,girl,3946,3902,27,,172.1,,454.0845223,1.59,86.14,12.84,none,,,ask Bareket,,,
528,fall,2,girl,3754,3640,15,50.95449711,56.8,50.95449711,244.9618034,-3.12,128.43,8.85,none,,,,,,
528,fall,4,girl,3693,3642,17,58.51337845,61.2,58.51337845,430.0568771,-2.18,136.43,9.8,none,,,,,,
528,fall,6,girl,3784,3742,19,86.12352424,94.1,86.12352424,568.9298281,-1.08,103.71,10.9,none,,,,,,
529,fall,2,NaN,,,,,,,,,,,none,Not taken ,,not taken,no sample,not analyzed,missing data missed apt
530,fall,2,girl,3775,3719,21,117.6972156,121.2,117.6972156,476.4894265,0.53,72.57,12.48,none,,,,,,
530,fall,4,girl,3877,3671,27,174.7102933,180.1,174.7102933,,1.51,45.86,13.46,none,,,,,,
530,fall,6,girl,3878,3736,31,215.502997,218.3,215.502997,359.017569,2.47,93.67,14.42,none,,,,,,
531,fall,2,girl,3852,3714,14,57.99261455,59,57.99261455,662.4356024,-1.5,79.6,10.44,none,,,,,,
531,fall,4,girl,3796,3762,16.5,86.57131505,86.5,86.57131505,634.1837669,-0.58,85.14,11.36,none,,,,,,
531,fall,6,girl,3822,3837,19.5,81.54474749,85.7,81.54474749,372.4266013,0.42,,12.36,none,,,,,not analyzed,
532,fall,2,girl,3710,3671,16.5,94.56906726,96.1,94.56906726,390.65406,0.43,107.8,12.43,none,,,,,,
532,fall,4,girl,3681,3732,25,90.5366458,90.7,90.5366458,315.5744055,1.32,37.5,13.32,none,,,,,,
532,spring,7,girl,3642,3791,28,102,102.2,102,466.9894884,2.7,,15.04,none,,,,,not analyzed,
533,fall,2,girl,3883,3816,26.5,,155.3,,498.8697671,0.48,38.29,12.37,none,,,ask Bareket,,,
533,fall,4,girl,3921,3832,32,,153.4,,,1.34,59,13.23,none,,,ask Bareket,no sample,,
533,fall,6,girl,3936,3900,32,177.9561363,183.6,177.9561363,82.85155284,2.53,,14.42,none,,,,,not analyzed,
534,fall,2,girl,3701,3628,20,68.87895011,70.8,68.87895011,546.2437185,-0.29,94.25,11.48,none,,,,,,
534,fall,6,girl,3920,3806,25.5,133.7204411,138,133.7204411,191.0684739,1.56,,13.33,none,,,,,not analyzed,
535,fall,2,girl,3797,3638,20,,119.9,,589.6230585,0.45,71.64,12.36,none,,,ask Bareket,,,
535,fall,4,girl,3764,3629,26.5,167.0959198,187.4,167.0959198,540.8801178,1.38,59.86,13.29,none,,,,,,
535,fall,6,girl,3847,3629,29.28,163.69958,166.4,163.69958,193.5006803,2.37,56.14,14.29,none,,,,,,
536,spring,3,girl,3875,3761,15.5,82.95401574,84.9,82.95401574,346.350678,-1.05,116.43,10.7,none,,,,,,
536,spring,5,girl,3820,3720,18.5,105.5006091,116.8,105.5006091,662.6556127,0.08,104.48,11.82,none,,,,,,
537,spring,3,girl,3769,3574,20,120.7395011,130.7,120.7395011,550.9036759,0.19,112.29,11.45,none,,,,,,
537,spring,5,girl,3879,3728,26,203.7775379,224.7,203.7775379,270.8675213,1.19,,12.45,none,,,,,not analyzed,
538,spring,3,girl,3662,3501,14.5,,68.5,,251.7459608,-2.81,136.57,8.52,none,,,ask Bareket,,,
538,spring,5,girl,3582,3478,17,,104.5,,800.2295748,-1.79,131.71,9.54,none,,,ask Bareket,,,
539,spring,3,girl,3679,3716,26.5,146.8026189,151.7,146.8026189,253.2525677,0.66,91.07,11.84,none,,,,,,
539,spring,5,girl,3754,3702,33.5,188.5134797,189,188.5134797,156.2843339,1.68,59.29,12.87,none,,,,,,
540,spring,3,girl,3693,3614,17,109.48121,116.2,109.48121,537.2740727,-0.98,67.93,11.82,none,,,,,,
541,spring,3,girl,3838,3670,21.5,96.47838026,104.7,96.47838026,527.9271674,-0.71,109,11.49,none,,,,,,
541,spring,5,girl,3942,3708,27,125.3526218,141,125.3526218,,0.33,,12.53,none,,,,no sample,not analyzed,
541,spring,7,girl,4016,3717,25,105,105.4,105,,0.88,78.14,13.42,none,,,,no sample,,
542,spring,3,girl,3688,3598,15.5,68.41333018,68.7,68.41333018,477.2803695,-3.44,187,8.44,none,,,,,,
542,spring,5,girl,3905,3711,19,100.1960555,85,100.1960555,469.5661369,-2.44,78.86,9.44,none,,,,,,
542,spring,7,girl,3818,3672,21,99,98.7,99,452.2346676,-1.66,96.11,10.46,none,,,,,,
543,spring,3,girl,3724,3530,15,56.20420098,65.9,56.20420098,431.8449468,-3.58,167.71,8.15,none,,,,,,
543,spring,5,girl,3787,3570,16,76.95036308,75.9,76.95036308,389.2727748,-2.59,169.26,9.14,none,,,,,,
543,spring,7,girl,3802,3710,19,71,70.8,71,467.9923664,-1.81,82.57,10.16,none,,,,,,
544,spring,3,girl,3638,3410,15,108.2160185,107.5,108.2160185,604.6131246,-2.48,159.33,8.24,none,,,,,,
544,spring,5,girl,3675,3460,20,106.0497736,115.9,106.0497736,663.3528211,-1.57,108.82,9.15,none,,,,,,
544,spring,7,girl,3779,3525,24,136,135.7,136,496.039835,-0.55,114.14,10.3,none,,,,,,
545,spring,3,girl,3719,3566,18.5,116.9216585,118.9,116.9216585,806.2200824,-0.91,133.71,10.95,none,,,,,,
545,spring,5,girl,3808,3742,27.5,160.4959876,161.1,160.4959876,221.777222,0.03,143.71,11.89,none,,,,,,
545,spring,7,girl,3902,3801,31,201,200.6,201,206.5551777,0.83,94.71,12.97,none,,,,,,
546,spring,3,girl,3712,3694,27.5,116.8458295,122.6,116.8458295,1098.194236,-0.31,120.57,11.15,none,,,,,,
546,spring,5,girl,3841,3672,33,148.9050608,161,148.9050608,448.0256583,0.59,80.33,12.05,none,,,,,,
547,spring,3,girl,3877,3720,15.5,113.1953735,112.8,113.1953735,549.9762009,-2.27,133.14,9.57,none,,,,,,
547,spring,5,girl,3870,3782,16.5,114.8639122,122.3,114.8639122,391.3842634,-1.26,,10.59,none,,,,,not analyzed,
548,spring,3,girl,3812,3569,18.5,102.7883165,103.3,102.7883165,607.5455333,-1.3,118.29,10.11,none,,,,,,
548,spring,5,girl,3798,3576,19.5,104.437257,103.3,104.437257,978.2233843,-0.34,113.64,11.07,none,,,,,,
548,spring,7,girl,3822,3690,24,127,118.8,127,650.0226856,0.71,59,12.15,none,,,,,,
549,spring,3,girl,3670,3437,14,71.08609082,73.9,71.08609082,1074.787595,-1.34,137.43,9.88,none,,,,,,
549,spring,5,girl,3697,3485,20,131.3202227,136.4,131.3202227,694.7324785,-0.38,80.43,10.83,none,,,,,,
549,spring,7,girl,3799,3636,21,126,125.8,126,313.0800847,0.42,,11.86,none,,,,,not analyzed,
550,spring,3,girl,3662,3666,15,72.78638481,77,72.78638481,435.4474256,-1.96,113.29,9.81,none,,,,,,
550,spring,5,girl,3738,3650,17.5,100.4444395,105,100.4444395,572.7363821,-1,84.67,10.77,none,,,,,,
550,spring,7,girl,3766,3727,21.5,115,115,115,701.1952335,0.03,70.14,11.79,none,,,,,,
551,spring,3,girl,3685,3499,16.5,83.11807189,87.2,83.11807189,446.301964,9.66,140.71,8.17,none,,,,,,
551,spring,5,girl,3781,3601,23.5,88.75961051,88.75961051,88.75961051,342.9809164,-1.49,119.57,9.16,none,,,,,,
551,spring,7,girl,3793,3605,25,105,105.4,105,524.8952912,-0.77,,10.13,none,,,,,not analyzed,
552,spring,3,girl,3764,3694,20,180.8855268,105.1,180.8855268,728.0447372,-1.58,113.29,9.89,none,,,,,,
552,spring,5,girl,3776,3683,25.5,110.8489703,110.8489703,110.8489703,454.0746396,-0.64,130.43,10.83,none,,,,,,
552,spring,7,girl,3817,3716,24.5,142,142.1,142,500.236652,0.17,82.71,11.85,none,,,,,,
553,spring,3,girl,3848,3849,29,179.1315761,176.7,179.1315761,211.0085115,2.2,76.82,14.6,none,,,,,,
553,spring,5,girl,3966,3879,31.5,195.5173455,198.5,195.5173455,71.34647152,3.22,,15.62,none,,,,,not analyzed,
554,spring,3,girl,3808,3591,17,60.3408362,66.4,60.3408362,643.0661411,-2.47,144,9.18,none,,,,,,
554,spring,5,girl,3692,3631,20,85.07922306,86.4,85.07922306,607.2647258,-1.53,,10.12,none,,,,,not analyzed,
555,spring,3,girl,3721,3651,19,88.39550915,96.3,88.39550915,671.9902389,-2.02,139.39,9.3,none,,,,,,
556,spring,3,girl,3729,3672,17,108.7046274,114.6,108.7046274,454.4042755,-2.01,135.18,9.37,none,,,,,,
556,spring,5,girl,3805,3694,21,123.0445398,130.2,123.0445398,380.3528111,-1.04,95.68,10.34,none,,,,,,
556,spring,7,girl,3856,3751,22.5,158,158.4,158,429.2756929,-0.21,,11.37,none,,,,,not analyzed,
557,spring,3,girl,3865,3738,24,151.6621598,162.2,151.6621598,359.8580618,0.33,,12.06,none,,,,,not analyzed,
557,spring,5,girl,3939,3798,25,155.6565471,158,155.6565471,229.6274936,1.3,29.79,13.02,none,,,,,,
557,spring,7,girl,4022,3837,26.5,170,170.3,170,103.9091771,1.59,,14.06,none,,,,,not analyzed,
558,spring,3,girl,3714,3751,35,193.5748368,208.8,193.5748368,124.9144422,2.7,,14.73,none,,,,,not analyzed,
559,fall,4,girl,3800,3695,30,125.7871021,135.7,125.7871021,331.3437616,1.76,55.86,13.73,none,,,,,,
560,fall,4,girl,3877,3767,27.5,181.7400025,191.2,181.7400025,168.3460947,1.13,91.14,13.79,none,,,,,,
560,fall,6,girl,3979,3773,31.5,208.6772345,211.9,208.6772345,105.7108156,2.1,94.83,14.76,none,,,,,,
561,fall,4,girl,3788,3588,29.5,158.1052768,164.2,158.1052768,284.772682,2.17,,14.05,none,,,,,not analyzed,
561,fall,6,girl,3893,3798,30.75,205.7401536,203.4,205.7401536,211.3196344,3.14,,15.02,none,,,,,not analyzed,
562,fall,4,girl,4021,3681,27,,324.8,,168.7663767,1.81,95.71,14.1,none,,,ask Bareket,,,
563,fall,4,girl,3872,3571,18,,87.3,,735.8160845,-2.79,99.48,9.6,none,,,ask Bareket,,,
563,fall,6,girl,3967,3701,19.5,,151,,504.7206834,-1.76,,10.63,none,,,ask Bareket,,not analyzed,
564,fall,4,girl,3873,3910,32.5,,162.7,,68.47804068,3.27,13.57,16.25,none,,,ask Bareket,,,
565,fall,4,girl,3901,3672,27.5,134.7577333,147.8,134.7577333,246.4005815,2.53,86.86,14.83,none,,,,,,
565,fall,6,girl,3930,3868,30,138.5064183,141.3,138.5064183,136.8969263,3.53,61.14,15.83,none,,,,,,
566,fall,4,girl,3771,3850,14.75,,89.1,,1019.307111,-0.74,69.79,10.74,none,,,ask Bareket,,,
566,fall,6,girl,3864,3943,18,,108.9,,441.4746994,0.25,,11.72,none,,,ask Bareket,,not analyzed,
567,fall,4,girl,3597,3645,16,84.14846775,88,84.14846775,476.7585618,-0.28,106.86,10.77,none,,,,,,
567,fall,6,girl,3794,3715,25,126.5412056,126.7,126.5412056,284.2505463,0.76,,11.81,none,,,,,not analyzed,
568,fall,4,girl,3905,3771,24.5,130.6293957,130,130.6293957,210.225675,1.74,106.86,14.17,none,,,,,,
569,fall,4,girl,4098,3842,28,214.5031681,221,214.5031681,108.5820098,4.05,37.89,16.65,none,,,,,,
569,fall,6,girl,4140,3931,31.5,194.8169487,208.7,194.8169487,146.6272413,4.95,24.86,17.55,none,,,,,,
570,fall,4,girl,3832,3638,25,165.2560247,177.8,165.2560247,316.9238605,0.9,52.86,13.2,none,,,,,,
571,fall,4,girl,3686,3715,17.5,121.4641511,136.1,121.4641511,501.9240959,-1.31,94.86,9.75,none,,,,,,
572,fall,4,girl,3806,3595,15.5,60.1270967,65.1,60.1270967,730.1376756,-2.47,153.71,9.9,none,,,,,,
572,fall,6,girl,3896,3761,18.5,65.82446192,68.1,65.82446192,636.5257243,-1.52,136.86,10.85,none,,,,,,
573,fall,4,girl,3814,3567,17.25,107.6621465,106.2,107.6621465,443.8231671,-0.62,53.86,11.87,none,,,,,,
573,fall,6,girl,3920,3712,18.5,93.10362507,97,93.10362507,1207.833457,0.29,78.14,12.78,none,,,,,,
574,fall,4,girl,3957,3644,17,82.99163358,88.3,82.99163358,540.06335,-2,94,10.22,none,,,,,,
574,fall,6,girl,3880,3672,19,104.5330757,102.6,104.5330757,731.4419642,-1.06,112.86,11.16,none,,,,,,
575,fall,4,girl,3820,3474,15,79.27812778,56.7,79.27812778,334.3804436,-2.68,67.71,9,none,,,,,,
575,fall,6,girl,3832,3529,16.5,77.79727383,80,77.79727383,348.365537,-1.77,118.14,9.91,none,,,,,,
576,fall,4,girl,3853,3694,23,,109.2,,619.413553,-0.42,,11.83,none,,,ask Bareket,,not analyzed,
577,fall,4,girl,3923,3774,15.5,74.46262037,79.6,74.46262037,888.4271936,-0.83,97.86,10.3,none,,,,,,
577,fall,6,girl,3936,3776,20,117.7500181,115.9,117.7500181,897.603034,0.07,89,11.2,none,,,,,,
579,spring,5,girl,3805,3647,19,70.82256642,73.4,70.82256642,458.8548016,-1.55,120.71,10.41,none,,,,,,
579,spring,7,girl,3837,3680,20.5,100,99.8,100,448.6634935,-0.9,92.86,11.32,none,,,,,,
581,spring,5,girl,3898,3672,21.5,123.5454388,124.5,123.5454388,681.3445549,-0.05,48.04,12.23,none,,,,,,
581,spring,7,girl,3873,3708,,,,,,0.92,,13.22,none,,not taken,not taken,no sample,not analyzed,missing data missing apt
582,fall,6,girl,3912,3711,30,197.9123451,204.1,197.9123451,282.5749948,2.57,,14.72,none,,,,,not analyzed,
583,fall,6,girl,3836,3718,34,212.3475011,216,212.3475011,1119.230033,1.82,,13.17,none,,,,,not analyzed,
